,Date,User,Tweet
0,2022-11-10 11:14:26+00:00,Murrellistyle,"Hands up if you’ve found yourself in clothes you’d never have chosen pre-baby JUST because they got #breastfeeding access? No more compromising! 

Feel amazing in clothes that are a bit more ‘you’ AND allow you to feed/express exactly as you choose 💜 https://t.co/6c3SH95DnD"
1,2022-11-10 10:54:48+00:00,the_abokie,#breast #breastfeeding #abokie https://t.co/cYrObqhe3o
2,2022-11-10 10:00:01+00:00,CarmentaLife,"Don't forget our Breastfeeding Café, every Thursday 1.30pm - 3pm, it is a lovely space to practise breastfeeding out and about and have a chat with other mums. Cathy and/or Julie will be available for you to discuss any feeding issues. #breastfeeding #breastfeedingsupport https://t.co/aho0TgBmct"
3,2022-11-10 09:42:31+00:00,boobingit,"In a fascinating art review, Clare Moran from Queens University looks at how three Impressionist paintings give an insight into the complicated history of #breastfeeding in the 19th century.

https://t.co/IMQlAGCreH"
4,2022-11-10 09:00:01+00:00,IMIConcePTION,"There are different ways to report exposure to #medicines in #pregnancy and #breastfeeding, with differences between countries. Want to know how some of the European pharmacovigilance systems work? 

Here is how 👉 https://t.co/NxS9DaEzJS

#MedSafetyWeek #MaternalHealth https://t.co/EVnCX5spZy"
5,2022-11-10 07:25:27+00:00,10bmnews,"Absence of Imran Khan - What will be the number of participants in the PTI march? https://t.co/jbcRElyMT5
#PTILongMarch #latest_news #breastfeeding #BREAKING #فتنہ_گردی_بند_کرو #venmome #LoveIsBlind #CMAawards #AEWDynamite https://t.co/CXzDLIPzdS"
6,2022-11-10 07:22:05+00:00,DanatAlEmarat_,"Calling all new moms! 
Join our New Mom's Support Session at Eggs &amp; Soldiers, Abu Dhabi Mall on Friday, 18 November, 10 AM - 12PM. To register, visit link https://t.co/7T6KTHYI7f
#LiveLoveLatch #Breastfeeding #NationalBreastfeedingWeek #BreastfeedingSupport https://t.co/OQDMOofbXc"
7,2022-11-10 06:58:10+00:00,CloudnineCare,"Our expert Dr. Vidya Gaythatri Srinivasan, Obstetrician and Gynaecologist, @CloudnineCare, #Bengaluru explains in @hthealthshots, all you need to know about Diabetes and Breastfeeding.

Read here: https://t.co/WXOqZuk2Re

#WeKnowMoms #Pregnancycare #Breastfeeding"
8,2022-11-10 06:36:02+00:00,MummyFever,Night Feeds: A Survival Guide https://t.co/dCYShgj6BU #breastfeeding #motherhood #Parenthood RT https://t.co/DZN0oyZFYS
9,2022-11-10 06:34:50+00:00,medtalksin,"Click on this link to read 10 tips on how to lose post-pregnancy weight. Two most important tips are drinking adequate amount of water and breastfeeding for as long as possible. 

Click Here:-https://t.co/0ovODGa4DM

#breastfeeding #breastfeedingproblems #motherhealth"
10,2022-11-10 06:14:03+00:00,dailyBFnews,How breastfeeding can be used as an effective birth control - Eve Magazine https://t.co/9Z097jPj9q #breastfeeding #breastfeedingnews #normalizebreastfeeding
11,2022-11-10 06:14:03+00:00,dailyBFnews,North America Breast Pumps Market Detailed Analysis and Forecast up to 2031 - Digital Journal https://t.co/qS1IWhLWx5 #breastfeeding #breastfeedingnews #normalizebreastfeeding
12,2022-11-10 05:39:00+00:00,slibertof,"Selamat Hari Pahlawan
🇮🇩 10 November 2022 🇮🇩

#Updatemama
#haripahlawan
#haripahlawannasional
#HariPahlawan2022
#Nipvell 
#NippleCareCream
#laktasi 
#persiapanlaktasi
#trimester3
#trimestertiga 
#lactamam 
#menyusui
#breastfeeding
#LaktasiTanpaTakutNyeri
#LecetPuting https://t.co/uZiBtsTkAc"
13,2022-11-10 05:20:07+00:00,NaheedA69973020,"KAOS NIRVANA OVERSIZE STONEWASH / SANDWASH

🔴 ✨

. 
. 
Wendy galon oplosan siswa get well soon mbanking bca #ometvsange #breastfeeding #Kasmaran #ometvsange #SANGE_AAAAAAAAAAH #ONEPIECE #ONEPIECE1053 #sangebanget https://t.co/HJdBt0JKyZ"
14,2022-11-10 04:03:22+00:00,CAMFEBK,"Women need support from the health service, workplace &amp; community to optimally breastfeed, progressing from one level to the other.
#WBW2022 #WABA #SDGs #buildingbackbetter #breastfeeding #CAMFEB #stepupforbreastfeeding #educateandsupport #WarmChain @WABAsecretariat https://t.co/NKuzcNdJ74"
15,2022-11-10 04:02:04+00:00,MummyFever,Breastfeeding with gnashers https://t.co/1x6XiwpmPN #breastfeeding #teething #babies RT https://t.co/gXkBiYe9qm
16,2022-11-10 03:35:19+00:00,WinDongWook,นมแม่ คือ สิ่งที่ดีที่สุดในแง่ของโภชนาการ ภูมิคุ้มกัน สมองและพัฒนาการของเด็ก โดยเฉพาะ 6 เดือนแรก และมีประโยชน์ยาว ๆ จนหยดสุดท้าย #Breastfeeding
17,2022-11-10 02:00:00+00:00,JAMAOto,"This comprehensive #review discusses medication safety, radiology considerations and periop care for lactating otolaryngology patients. https://t.co/V7k9eRLtv7 @LaLecheLeagueUS #breastfeeding #lactation"
18,2022-11-10 01:54:03+00:00,MummyFever,The one thing no one tells you about breastfeeding https://t.co/unNXbnikX9 #breastfeeding motherhood #loneliness #pblogger https://t.co/oXXN5kMhFo
19,2022-11-10 01:37:57+00:00,YourQueenEgypt,Last night and this morning I pumped 7oz during my session. 👏🏽👏🏽 come on now milk. #milkyma #breastfeeding
20,2022-11-10 01:36:56+00:00,hku_son,"Congrats @krislok_hku again for your Faculty #KnowledgeExchange Award for project ""#Baby Friendly Community Initiative Program - Development of a New #Breastfeeding GPS App"". https://t.co/1XeqR7XVen"
21,2022-11-10 01:13:51+00:00,dailyBFnews,AAP recommends breastfeeding for at least 2 years. Here’s how to actually make that happen - Motherly Inc. https://t.co/Ed4T0EZLPH #breastfeeding #breastfeedingnews #normalizebreastfeeding
22,2022-11-10 01:13:50+00:00,dailyBFnews,Madera County group collects breast milk for infants in need - KFSN-TV https://t.co/ElflEJBdM2 #breastfeeding #breastfeedingnews #normalizebreastfeeding
23,2022-11-10 01:00:01+00:00,WABAsecretariat,"Take Home Messages – key messages from our #WBW2022 #AMA experts on “How to step up for #breastfeeding through education and support”
https://t.co/XxjtGw1gJm https://t.co/bPz9f6F7wr"
24,2022-11-10 00:27:14+00:00,Pretings_store,Robot Kid's Digital Watch #breastfeeding #cute —&gt; https://t.co/0jZNqtPQnW https://t.co/tL7hlhNXBq
25,2022-11-10 00:19:18+00:00,SACCountyHB,"Start streaming today! This video will be available for 7 days: https://t.co/X2qx7fhKIV 

We examine the biochemical features of substances of misuse &amp; describe their clinical impact on the success of #breastfeeding and the possible impact on infant development. #Sacramento https://t.co/rcFsBadXm8"
26,2022-11-09 23:59:02+00:00,BesideYouKM,"Breastfeeding is a learned skill for both you and your baby.

Not all new mums perfect it first time, and that is perfectly fine.

You got this mama 💪

#besideyouatmidnight #breastfeeding #medway #kent https://t.co/2AWJdiWHWu"
27,2022-11-09 23:40:49+00:00,rukmpc,"AreYouKiddingMe Season 5 Episode 20 ""Life's Ups and Downs""
#rukmpc #podcast #comedypodcast #comedy #funny #weeklylaughs #mouse #infestation #micronation #birds #crash #appleiphone #breastfeeding #allergic #orgasms https://t.co/FwyiAHinKx"
28,2022-11-09 23:14:43+00:00,Hobo_Mama,Do you breastfeed more on the left side? #breastfeeding https://t.co/llLn4Meo7V
29,2022-11-09 23:06:00+00:00,now_its_nora,"As a GP in an area of high deprivation with absolutely abysmal #breastfeeding rates, this situation makes me weep. What chance do the mums in my practice have if this is the experience of a dyad with everything in their favour?  #DeepEndGP &gt;"
30,2022-11-09 22:50:19+00:00,IamNoelleB,"Breastfeeding isn’t for the weak cause baby listen , the way these girls are set up honey . Just give me the formula, nah I’m playing about the formula but seriously this pain is no joke #breastfeeding"
31,2022-11-09 22:19:33+00:00,caremoiofficial,Metal Glittery Ballpoint Pen #moms #breastfeeding https://t.co/RgE3NR1oLg https://t.co/qeiv1SpyHZ
32,2022-11-09 22:13:13+00:00,dailyBFnews,Randolph County contracts for WIC - Moberly Monitor Index https://t.co/7YSDrktOvK #breastfeeding #breastfeedingnews #normalizebreastfeeding
33,2022-11-09 22:04:41+00:00,StoryMDHealth,Breastfeeding gives your baby the right nutrients and may protect your baby against some illnesses. Learn how to properly breastfeed and about all the benefits that come with it. #breastfeeding #storymd #storymdhealth https://t.co/BKnRmyextj
34,2022-11-09 21:45:39+00:00,its_rebekah_m,These are practical #breastfeeding tips to help make feeding your baby easier while enjoying the bond you build with your little one. https://t.co/uFSLnscINh #motherhood
35,2022-11-09 21:02:26+00:00,BriePod,"📣 New Podcast! ""Season 2, Unfiltered VI - Breastfeeding; The Good, the Bad and the Ugly"" on @Spreaker #baby #breastfeeding #breastfeedingjourney #breastfeedingmama #breastfeedingmom #breastfeedingsupport #breastmilk #breastpump #lactation #maternity https://t.co/JQQQyBcXmu"
36,2022-11-09 20:55:57+00:00,waimanalohealth,"Aloha Baby Pā‘ina - Fri Nov 18, 12:30-2:30pm🤰🏽
Join us for a hangout as we honor your journey into parenting. Talk story about the benefits of #breastfeeding, smoking cessation, &amp; nutrition for a healthy pregnancy. 808-259-7940 or email WIC@waimanalohealth.org for Zoom link https://t.co/25o1ZPTPks"
37,2022-11-09 19:58:59+00:00,garyhh2628,"A Catalyst for Transforming Global Selfcare 

The Global Structure Network Group is the
world's most important Selfcare Institution.

https://t.co/80q5RgQOmb

#WorldPolioDay   #IfTheShoeFits #WBW2020 #metoo  #InternationalSelfcareDay #breastfeeding  #thisisdiabetes"
38,2022-11-09 19:52:23+00:00,ClareHayesBrady,"This is getting close now, still a small number of tickets available at https://t.co/AWISFUbYwz

Contact me with any questions. We can't wait for this event, we are so excited! #MindReading #HEaNI #MedicalHumanities #breastfeeding https://t.co/aXttHyNCeo"
39,2022-11-09 19:35:26+00:00,GulfCoastBF,"Due to unforseen circumstances, There will NOT be a Baby Cafe tomorrow. We hope to see everyone next week. https://t.co/Vqf1798PBv
#lactation #breastfeeding #babyfeeding #GCBC https://t.co/K0lMkNbqU2"
40,2022-11-09 19:30:00+00:00,MedStarWHC,A new report cites nearly half of working moms say employers need to improve support for their breastfeeding associates. Dr. Tamika Auguste (@OByourself) joined @fox5dc to discuss how workplaces can provide #breastfeeding support for new parents. https://t.co/jZTQiGQ7dp
41,2022-11-09 19:30:00+00:00,HealthyFLPBC,"Did you know the safest food for a baby in an emergency is the mother’s milk? Mothers who cannot directly feed their babies can also be supported to express their milk. For more information, contact your local WIC clinic. #Breastfeeding In Emergencies https://t.co/pWhKDpTL6d https://t.co/O90L77BHJI"
42,2022-11-09 19:02:47+00:00,UptySciChick,"Join the Praeclarus Press mailing list for weekly emails on women's health books, continuing education, resources, and more. We'll be glad to have you. Sign up here: https://t.co/dqX2tHwR0z
#breastfeeding #doula #midwifery #mother #nursing #womenshealth"
43,2022-11-09 19:02:25+00:00,JessieTriceCHS,Join us every 2nd and 4th Friday of the month at 3 pm at the JTCHS Virtual Breastfeeding café. Don't miss this excellent opportunity to discuss breastfeeding topics in peer support groups. Visit https://t.co/9O6Qx73zZi to join. #Breastfeedmiami #breastfeeding @hscmd https://t.co/ckATOeEMiS
44,2022-11-09 18:27:12+00:00,Kylee_breann123,https://t.co/dzVU13uSuO #breastmilk  #breastfeeding #breastfeedingsupport #breastfeedingmama
45,2022-11-09 18:02:45+00:00,KSBreastfeeding,"The next live, online courses for those supporting #breastfeeding families are in December. Click the link below to register and see the complete 2023 schedule.
https://t.co/h7AQN0gCC3 https://t.co/J9Oh4ku5PL"
46,2022-11-09 16:53:00+00:00,boobingit,"For a positive and practical guide to #breastfeeding, buy our ebook now

https://t.co/JjsuiCM1lc"
47,2022-11-09 16:36:05+00:00,TeachingInMed,"Listen to ""Breastfeeding in Academic Medicine Part 2: Attending Perspective"" by Teaching In Medicine. ⚓ https://t.co/y1SkqHsFHi #MedEd #medicaleducation #breastfeeding https://t.co/wvH4vlFCLW"
48,2022-11-09 16:29:21+00:00,aclb_kb,"Participated in Village Heath Sanitation and Nutrition day at Ashapally GP. Discussed efforts taken to achieve target of #ZeroMalnutrition,  #ZeroAnaemia and exclusive #breastfeeding  upto 6 months and #MilletsPromotion. @WCDTelangana @MinistryWCD @Collector_KB @TelanganaCMO https://t.co/way5UCp61n"
49,2022-11-09 16:21:18+00:00,SWACHNGO,(T-13764) After 9 months of varying experience in #pregnancy comes #childbirth which is #stressful and #exhausting She makes considerable efforts to succeed in #breastfeeding Dietary fluid &amp; other restrictions Family shud make best efforts to support her for #positive #experience
50,2022-11-09 16:06:26+00:00,VydyaHealth,"38th International Conference on Advanced Pediatrics and Neonatology
March 20-21, 2023 
Rome, Italy

https://t.co/ca56jJ5Uo7

#Pediatrics #Neonatology #BreastFeeding #Pediatric Obesity
#MedicalConference #PediatricsConference
 https://t.co/ca56jJ5Uo7"
51,2022-11-09 16:03:04+00:00,WhyImmunize,"In honor of #PrematurityAwarenessMonth we are resharing a campaign we did in August with @MarchofDimes. Because #pregnancy, #breastfeeding, and infant care are hard enough. No one wants disease on top of everything else! https://t.co/yvBnt8Fvi0"
52,2022-11-09 15:59:48+00:00,KSBreastfeeding,"It's National Family Literacy Month! Reading breastfeeding-friendly books to young children is a great way to support and normalize #breastfeeding. #NationalFamilyLiteracyMonth
Click the link below for a list: https://t.co/eRJ4HYrJq5 https://t.co/qiUPgrXhZ4"
53,2022-11-09 15:44:22+00:00,UNV_ROWCA,"The importance of routine #childhood immunizations, exclusive #breastfeeding, best nutritional practices and personal hygiene. Mothers were also sensitized on preventive measures for Creutzfeldt-Jakob disease as well as the #Ebola 💉 https://t.co/L5nqZqNh5j"
54,2022-11-09 15:23:14+00:00,ShelaHirani,"KT Event with Stakeholders on November 7, 2022
Gratitude to @PattisonKids and @_SHRF_  for funding these patient-oriented studies. 
#breastfeeding #Canada #Saskatchewan #Refugees #immigrant #mothers  @UofRegina 

https://t.co/WemY1GMCgd"
55,2022-11-09 15:03:25+00:00,UptySciChick,"Breastfeeding Doesn't Need to Suck. The book(and the sentiment) is available on Praeclarus Press and Amazon: https://t.co/1UOuM1RBjq
#breastfeeding https://t.co/RlXvP5U0jJ"
56,2022-11-09 15:03:06+00:00,UptySciChick,"Get the best breastfeeding and doula art on the web with Praeclarus Press' stock art portfolio: https://t.co/cgMrcKFUSG
#breastfeeding #doula"
57,2022-11-09 15:00:21+00:00,NIH_ODS,Are you #pregnant or #breastfeeding? Eating fish or other seafood rich in #omega3 fatty acids EPA and DHA may improve your baby’s health. This includes salmon and herring. Steer clear of fish high in mercury. More here: https://t.co/JBeUTL5Ggj https://t.co/AfYnvDxfOg
58,2022-11-09 14:01:33+00:00,BedsCHS,"If you feel like you need more information on #breastfeeding you can ask Breastfeeding Friend a question on Alexa, Google Home or Facebook Messenger: https://t.co/lLbs06SmiV #BedsCYPTips #FreetoFeed https://t.co/9vXBjdStZN"
59,2022-11-09 13:52:45+00:00,GOLDLactation,"Join us for GOLD Learning Day: Managing Weight Gain in the Breastfed Infant for the latest research &amp; clinical skills LIVE on Jan. 17, 2023. Earn #CERPs &amp; CEUs for 3 talks. Register by Jan. 6 &amp; save on early bird discount: https://t.co/z4w1owvyIq 
#IBCLC #breastfeeding #HumanMilk https://t.co/FGB9zA2pEq"
60,2022-11-09 13:21:31+00:00,WritingHealth1,#breastfeeding #breastfeedingmom #thirdtrimester #thirdtrimesterproblems #fourthtrimester #fourthtrimestercare #newmom #newmomlife #breastfeedingmama #breastfeedingtips #breastfeedingproblems #breastfeedwithoutfear #dropthecover #newmommy #newmomstruggles https://t.co/DViwcJZaeG
61,2022-11-09 13:10:05+00:00,BainneBeatha,#bainnebeatha #breastfeedinginireland #breastfeeding #breastfeedingsupport #supportforall #supportisbest
62,2022-11-09 12:30:46+00:00,LoanvuUk,Skincare routine for #pregnant and #breastfeeding #women #skincareroutine #loanvu_uk #safeskinc https://t.co/fVGfPlU0G0
63,2022-11-09 12:14:39+00:00,dailyBFnews,"For Go-Lacta, Ultra-Quality Moringa Is the Only Way to Support Lactation - Benzinga https://t.co/Ai6FwcjD8C #breastfeeding #breastfeedingnews #normalizebreastfeeding"
64,2022-11-09 11:58:03+00:00,ORBOrgUK,"Welcome to #ORBmember @HumanMilkBrand an award Winning Clothing &amp; Accessories brand working hand in hand with the @Milk4TinyHumans movement. #breastfeeding  friendly clothes, sustainably sourced.
https://t.co/nl8fTAHU7q
#responsiblebusiness #ethicalclothing https://t.co/wSSqmfXTJb"
65,2022-11-09 11:37:23+00:00,thejeffbosley,@stephgarrison Omg. This’ll be interesting. #breastfeeding
66,2022-11-09 11:37:14+00:00,BabyBanda_Kenya,#pregnantmum #pregnantlife #mum #mummy #mumlife #mums #kids #toddlers #breastfeeding #breastmilk #travelpillow
67,2022-11-09 11:31:39+00:00,allison_tw,"Isn’t it a bit mad that, rather than my GP, (who’s pretty amazing but..) you have to seek advice from trained professionals in a charity about anything complicated when it comes to breastfeeding?! #breastfeeding #problems #BreastfeedingCounsellor #breastfeedingsupport"
68,2022-11-09 11:25:36+00:00,ETVBharatKL,ഫോർമുല പാലിന്‍റെ ഓൺലൈൻ വിപണനം മാതാപിതാക്കളുടെ മുലയൂട്ടുന്ന ശീലവുമായി ബന്ധപ്പെട്ടിരിക്കുന്നു: പഠനങ്ങൾ https://t.co/Tiplugi1Ea #formulamilk #breastfeeding #breastmilk #parents #children
69,2022-11-09 11:16:40+00:00,breastpumpsg,"A mother’s body and its capabilities are amazing. Learn more about how your body will change to feed your baby, the different types of milk you’ll produce throughout your breastfeeding journey, and what to expect in the first few feedings. 🍼

#Breastfeeding #BreastfeedingMoms https://t.co/uqhqI8y1ln"
70,2022-11-09 09:43:41+00:00,AyrshireBfN,Such a great session to find out what we can all do in our own life/work/community to help support #breastfeeding Book your place for the two remaining sessions of 2022 now! https://t.co/CpPWVXWXeo
71,2022-11-09 09:31:32+00:00,TIHTC2002,"Online #Midwifery #Webinar open for registration
Topic: #Breastfeeding Awareness: Educate and Support
Date &amp; Time: Nov 12, Sat, 09:25-14:30 (GMT+8)
Registration: https://t.co/5lpEZ8HKcc

Host by: TIHTC, Indonesian Midwifery Association, and University Muhammadiyah of Kudus(UMKU) https://t.co/C25QF8cW1m"
72,2022-11-09 08:13:54+00:00,dailyBFnews,Diabetes and breastfeeding: An ob-gyn answers 5 FAQs for new moms - Health shots https://t.co/Kqa03UeybL #breastfeeding #breastfeedingnews #normalizebreastfeeding
73,2022-11-09 08:00:48+00:00,UN_Nutrition,"Don't miss out❗️on this webinar🖥️ African countries will share how they have worked to improve #breastfeeding rates towards the 5⃣0⃣% WHA target for 2025📈 cognizant of the many benefits
🗓️9 Nov
🕑14:00-16:00 (EAT) 
🔗 Register https://t.co/4NiLlpNcSa
#AfricanUnionYearOfNutrition https://t.co/J3MWc9ci5A"
74,2022-11-09 07:13:27+00:00,dailyBFnews,Diabetes and breastfeeding: An ob-gyn answers 5 FAQs for new moms - Health shots https://t.co/CUoVvTeldS #breastfeeding #breastfeedingnews #normalizebreastfeeding
75,2022-11-09 06:36:03+00:00,MummyFever,Night Feeds: A Survival Guide https://t.co/dCYShgiyMm #breastfeeding #motherhood #Parenthood RT https://t.co/IsBMCaZUx1
76,2022-11-09 06:13:28+00:00,dailyBFnews,"Sleepy avocado, cozy corn, and crawling bats, Oh My! - Daily Herald https://t.co/DqPrTlTMGL #breastfeeding #breastfeedingnews #normalizebreastfeeding"
77,2022-11-09 05:59:26+00:00,liberamentetua,@thehealthb0t Going 9 months strong! #breastfeeding
78,2022-11-09 05:51:58+00:00,Oro_Lupita_Diaz,"Getting Maiya off the boob hopefully by the end of this week because im physically/mentally/emotionally ready. 1 year and 4 months strong💪

#moms #breastfeeding #momlife"
79,2022-11-09 05:25:35+00:00,ETVBharatDelhi,"तमिलनाडु: कोयंबटूर की इस महिला ने स्तन का दूध दान कर बनाया रिकॉर्ड
#TamilNadu #breastfeeding #breastfeedingsupport 
https://t.co/AmHqgT4d44"
80,2022-11-09 04:02:04+00:00,MummyFever,Breastfeeding with gnashers https://t.co/1x6XiwHw3V #breastfeeding #teething #babies RT https://t.co/a3pxvQFf4Y
81,2022-11-09 03:13:21+00:00,dailyBFnews,Greenville business a resource for breastfeeding mothers - WITN https://t.co/kraTw99K2I #breastfeeding #breastfeedingnews #normalizebreastfeeding
82,2022-11-09 02:57:03+00:00,WinDongWook,สายปั๊ม ... ตกรอบปั๊มไม่ได้เลยแม้แต่นิด อาจหมายความว่า น้ำนมมีมากเกินไป (oversupply) จนระบายไม่ทันนะจ๊ะ ปั๊มแบบพอดี ลูกกินอิ่ม มีสต็อกพอใช้ พอแล้ว #เลี้ยงลูกด้วยนมแม่ #breastfeeding
83,2022-11-09 02:43:34+00:00,janelybeano,Feeling pretty proud that I got almost 2 full oz pumped AFTER feeding baby and in addition it was my fist time ever using my electric pump. 🎉👶🏼🥛#pumpingmomma #breastfeeding
84,2022-11-09 02:15:45+00:00,bakh01news,#breastfeeding routine #breastfeeding #healthylifestyle #how #tips | BAKHTECH https://t.co/NAYApDIkoP
85,2022-11-09 02:09:00+00:00,NadaHaqSiddiqi,"Ah sinus infection season while #breastfeeding… your options are: feed your baby, or breathe through your nose. Good luck if you’re interested in doing both! #iykyk #themoreyouknow #decongestant #pseudoephedrine"
86,2022-11-09 01:54:04+00:00,MummyFever,The one thing no one tells you about breastfeeding https://t.co/unNXbniSMH #breastfeeding motherhood #loneliness #pblogger https://t.co/5q9lFWKkCd
87,2022-11-09 01:24:36+00:00,ETVBharatMA,Breast Milk Donation : आतापर्यंत एकूण 55 लिटर स्तनातले दूध दान करत महिलेने केला विशेष उपक्रम https://t.co/ekvCxMokxO #breastmilk #breastfeeding
88,2022-11-09 01:00:01+00:00,WABAsecretariat,"Take Home Messages – key messages from our #WBW2022 #AMA experts on:
a) The links between #breastfeeding and good nutrition, food security &amp; reduction of inequalities
b) How to step up for breastfeeding through education and support
https://t.co/XxjtGvJFRO https://t.co/dD8m478lMw"
89,2022-11-08 23:32:48+00:00,lelehob123,#breastfeeding #cute Baby Girl's Summer Patterned Dress with Hat https://t.co/7BbisUtDdk https://t.co/ZPAc4Ln98q
90,2022-11-08 23:21:44+00:00,MaggieWooK,"New paper alert! Exploring #postpartum #breastfeeding support beyond early initiation. Check out our new publication in #PLOSGlobalPublicHealth 

Link to the open access article: 
https://t.co/SFAao9Mevz 

@PLOSGPH @imcha_ismea @BCCHresearch @CICHInfo @NanelindaNm @DaveMGoldfarb https://t.co/5osZ2MC9wd"
91,2022-11-08 22:27:01+00:00,Creekside4Women,Moms who ask for help are more successful at breastfeeding. Creekside Center for Women is here to help with your questions or concerns about breastfeeding. 479.582.9268. https://t.co/1psw5DOGir #creeksidecenter #breastfeeding #newborns #bestwomensclinic https://t.co/DKJMoZtluT
92,2022-11-08 22:01:00+00:00,HygeiaBaby,"Pediatrician explains how #breastfeedingbenefits babies, parents https://t.co/K9ukFlvO38 #breastfeedingmom #breastfeeding #newmom #firsttimemom #pumpingmom #breastfeedingfaq #breastfeedingsupport #normalizebreastfeeding https://t.co/crSi2mo7W5"
93,2022-11-08 20:45:39+00:00,boobingit,"Three Impressionist paintings that give an insight into the complicated history of breastfeeding in the 19th century

By Claire Moran

#impressionistart #breastfeeding https://t.co/cb2Q62kVdr"
94,2022-11-08 20:28:01+00:00,DiscoverSelf,HOW-TO Celebrate #Breastfeeding In A More Comfortable Way. Check out products that would support you every day in your desire to feed your baby with the best food for her – mother's breast milk. #women #breastfeed #pregnancy #babyfood https://t.co/z1mFgRYd1W https://t.co/4lF1Oxtunh
95,2022-11-08 20:24:55+00:00,Dr_LarsBode,"Attending SIBEN 2022? - Join us tomorrow (Wednesday) afternoon for an entire session on #breastfeeding and #humanmilk! 

w/ @neojae sponsored by @MedelaMX 

https://t.co/DiaXQtkMgW"
96,2022-11-08 20:11:14+00:00,dharrisonCHEO,"Calling neonatal #nurses, #midwives, phlebotomists working with newborns in Australia to complete brief survey on #breastfeeding skin-to-skin, sucrose during heel prick. @MidwivesACM @ACNNInc  
@OzBreastfeeding @AusPainSoc @UniMelbMDHS https://t.co/DwERDLFGRD"
97,2022-11-08 19:51:35+00:00,k_lactations,"Testimony Tuesday! ♥️🍼🤱🍪
.
.
.

#keneilwelactations #klacducation #lactationsupport #lactation #lactationcookies #breastfeeding #breastmilk #pumpingmom #breastpump #testimony #testimonytuesday #testimonial #happyclient #benoni #gauteng #centurion https://t.co/HTQJ2TftVe"
98,2022-11-08 19:01:22+00:00,MothersRooms,"#Dads are important &amp; their health is too. #Movember is a time to bring awareness to #menshealth issues such as #prostatecancer #testicularcancer &amp; #mentalhealth. 

https://t.co/brQDTq8B0i

 #dadlife #lactationsupport #healthyhorizonsbreastfeeding #chestfeeding #breastfeeding https://t.co/AK5m1GuwOZ"
99,2022-11-08 19:01:00+00:00,healthnews,"A #woman will experience many changes in her breasts over her lifetime. These changes are caused by #hormones, #pregnancy, #breastfeeding, density, and #aging.
#health #healthcare 
https://t.co/Btkhltp0CF"
100,2022-11-08 18:03:17+00:00,HegenUK,"Our Hegen storage containers are perfect for little one's snacks on the go! ⁠
⁠
📸: @hegen.usa
        
https://t.co/WYCzpMAEpt

#hegenuk #hegen #cherishnaturesgift #baby #babybottles #breastfeeding #bottlefeeding #mumlife https://t.co/9ePLtMn74E"
101,2022-11-08 17:52:17+00:00,MyPureDelivery,"Did you know you can induce lactation to feed your adopted baby (baby welcomed via surrogate)? While it is hard work, it is definitely possible.

To learn more, read our article below!
💻:https://t.co/OPYI8IqSiN

#surrogacy #adoption #breastfeeding #tuesdayvibe #RebelWilson https://t.co/hfDIIhT1yK"
102,2022-11-08 17:29:19+00:00,SHANKARtcr,https://t.co/FKSljGeH0Y @UNICEFIndia @muralibe #breastfeeding #breastmilk
103,2022-11-08 17:27:25+00:00,ThanthiTV,"7 மாதங்களில் 50,000 மி.லி. தாய்ப்பால் - 1,400 குழந்தைகளுக்கு அன்னை! - இவர்தான் ரியல் ரோல் மாடல் #breastfeeding #Breastmilk #breastpumping https://t.co/7SKZp545H9"
104,2022-11-08 16:35:10+00:00,SWACHNGO,(T-13753) Breast feeding babies is a great experience for mothers and babies However there are challenges faced One solution is to see lived experiences of mothers who solve these problems successfully #livedexperiences #breastfeeding
105,2022-11-08 16:08:20+00:00,SWACHNGO,(T-13751) In the first 3 months &amp; beyond parents shud make efforts to develop #attachment with baby How - skin to skin contact by looking into baby’s eyes talking lovingly Mom can do this by #breastfeeding It helps the baby &amp; parents to develop #connections https://t.co/wcPLkpAjWa
106,2022-11-08 15:32:04+00:00,pregy2mumzy,"Your outfit throughout your stage.
#pregnantfitme #pregnant
#nursecomfortable #breastfeeding
#beamother #motherhood
#bestme #beautiful https://t.co/lCO7c8E0sD"
107,2022-11-08 15:10:21+00:00,MrsB17415864,Still struggling with breastfeeding pain 7 weeks in. Snipping of tongue tie didn’t seem to help so trying nipple shields #breastfeeding
108,2022-11-08 14:40:47+00:00,matrkaa,"It was a wonderful discussion on @mybabychakra with all the other experts...

Find the whole video here.
https://t.co/pek62S6UzX

#babychakradoc 
#paneldiscussion 
#breastfeeding https://t.co/SZ7RQSgIlq"
109,2022-11-08 14:35:33+00:00,Nickel_NC,Goal is to create networks of families community organizations and other networks to support families after hospital discharge AND address #breastfeeding inequities. #APHA2022
110,2022-11-08 14:30:27+00:00,Nickel_NC,Drs Shaw-Ridley and Anyimukwu talk about Needs Assessments and Virtual Visits to address #breastfeeding inequities using a community centred research methodology. Funded by @WK_Kellogg_Fdn @BFAPHA #APHA2022 https://t.co/EENfyMj8Y3
111,2022-11-08 14:18:10+00:00,HermioneMidwife,The human body never ceases to amaze me! #breastfeeding https://t.co/MLhaFz3XDJ
112,2022-11-08 14:13:27+00:00,dailyBFnews,Aeroflow Breastpumps Announces Strategic Partnership with Canopie to Improve Maternal Health Outcomes - Yahoo Finance https://t.co/ZnvCkH283l #breastfeeding #breastfeedingnews #normalizebreastfeeding
113,2022-11-08 14:09:28+00:00,Nickel_NC,Associate Director Laura Burnham at @CHAMPSBF presenting another study on a Quality Improvement initiative to support #breastfeeding during #COVID19 #APHA2022 @BFAPHA https://t.co/LTaR9G4OF1
114,2022-11-08 14:08:40+00:00,ActLikeOurHous1,"This is one of the most fascinating sciencey / womens health threads I’ve ever read!! 

#women #WomensHealth #breastfeeding #breastmilk #Nursing #LactanciaMaterna #Science #WomenInSTEM https://t.co/QPAaGRoAMW"
115,2022-11-08 13:38:11+00:00,RoadCastMe,URGENT- We’re looking for a breastfeeding mother and newborn to feature in a music video shooting this Friday 11th November. Shooting in the evening in se London. Paid role. Please email me+blessed@roadcasting.co for more info! #castingcall #casting #motherandbaby #breastfeeding
116,2022-11-08 13:11:24+00:00,ForeverNurtured,"If you're looking for the perfect personalised Christmas gift to add to your gift guides for parents, get in touch! We'd love to work with you. 
Custom Breast Milk and DNA Keepsakes. 
#PRRequest #JournoRequest #Breastfeeding #MumGift #GiftGuide https://t.co/eyW7Vn7QmV"
117,2022-11-08 12:40:01+00:00,THGPCareGroup,"Are you #pregnant and #bengali? @b2bth is holding a free #breastfeeding online workshop on 15 November, 11am-1pm for those living in #TowerHamlets. You'll learn what to expect when breastfeeding. Book your place: https://t.co/mW56wXeWwG https://t.co/MGhc3JkPEd"
118,2022-11-08 12:30:51+00:00,GussieGrips,"Woah!  @DrKarleenG you have seen this, I expect, but, phwooooaaarrr, here’s a dopamine hit! Boobs are amazing. #breastfeeding #oxytocin https://t.co/BhavjMkRP6"
119,2022-11-08 12:30:00+00:00,RSPH_PUHE,"Health Inequalities special issue: What impact do socio-economic #inequalities have on the effect of public policies and the #COVID19 pandemic on exclusive #breastfeeding in #Chile
https://t.co/pj40S6nTXn
@DebyNavarroR 
@gerrymccartney1
@Sdbaral"
120,2022-11-08 12:20:14+00:00,Fibci2,"@Constanze2022 @Leighincognito According to @JAMAPediatrics: 
“Trace amounts of #COVID19 💉 mRNAs were detected in breast milk of some lactating women. Caution is warranted regarding #breastfeeding infants younger &lt;6 months in the 1st 2 days after maternal COVID-19 💉.”
BUT👇🤦🏻‍♀️🤦🏻‍♀️🤦🏻‍♀️https://t.co/Rr7lBAFOfJ"
121,2022-11-08 11:13:20+00:00,dailyBFnews,Tips for Feeding with Inverted or Flat Nipples - https://t.co/eleSx9JqJB https://t.co/qprPsnXS0W #breastfeeding #breastfeedingnews #normalizebreastfeeding
122,2022-11-08 11:01:01+00:00,BedsCHS,"Having issues with #breastfeeding or #weaning your baby? If you need to talk to someone text Parentline today on 📱 07507 331456 
#ParentlineBeds  #NewService #textus #Parents #newmums #newdads https://t.co/fO5ZH08UzN"
123,2022-11-08 10:46:27+00:00,mumnbaby2022,Cotton Family Matching T-Shirts #moms #breastfeeding https://t.co/Hs175fjuls https://t.co/JoHuimH5DY
124,2022-11-08 10:45:44+00:00,ivf_new_life,"Did you know about these facts about breastfeeding your child? Breastfeeding is the best for new born kids..
#breastfeeding #breastfeedingsupport #breastmilk #pregnancy #pregnant #motherhood #motherhoodjourney #mother #child #kids 
Visit https://t.co/7Oeq3wsRfm https://t.co/YXvvWNLGEl"
125,2022-11-08 10:43:22+00:00,ManleyRebecca,"🔥 A massive thank you to @DaveGorman for praising &amp; sharing my Postpartum Poem film ‘Cluster Feeding’ today on Instagram reels. 😊 Yet to see it? Here’s a link 👉 https://t.co/bFVf7LjtVN 

#clusterfeeding #breastfeeding #newborn #motherhood #parenthood #poetry #spokenword https://t.co/NtKGJ5aj8G"
126,2022-11-08 09:58:44+00:00,addensri,"@advocacybaa Why is emptying the breast important to produce more milk? #breastfeeding #baby #shorts
https://t.co/Q02InguDP8"
127,2022-11-08 09:33:39+00:00,BabyBanda_Kenya,"Save your money mama!

Check out more deals at : https://t.co/4nuRG4sSdC 

#babybanda #formumsbymums #pregnancy #motherhood #diaperthon #pregnant #pregnantbelly #pregnantmum #pregnantlife #mum #mummy #mumlife #mums #kids #toddlers #breastfeeding #breastmilk #valuedeals #deals https://t.co/wl8iO7QHBU"
128,2022-11-08 09:31:41+00:00,celine_miani,I'll be co-hosting a workshop on Thursday with Marzia Lazzerini @BurloGarofolo on findings of the IMAgiNE EURO project. Abstract: https://t.co/Kzc8qXn5Yc #maternitycare #breastfeeding #medicalisation #EPH2022 @EPHconference @EUPHActs
129,2022-11-08 09:13:39+00:00,dailyBFnews,Event Details - Broward Health https://t.co/Ku3jlEsnr0 #breastfeeding #breastfeedingnews #normalizebreastfeeding
130,2022-11-08 08:41:03+00:00,bmj_company,"Digital marketing of formula milk and commercial baby foods is linked to unhealthy parental feeding practices, suggests research published in the journal @GlobalHealthBMJ 

https://t.co/s9bR0s3S6W

#formulamilk #breastfeeding #parenting #maternity https://t.co/vUTZg7ln42"
131,2022-11-08 08:33:00+00:00,myBabyChakra,"Post #pregnancy, a mother’s body goes through many physical changes. #Breastfeeding can bring about its own set of challenges as well. 🤱🤱

#BabyChakraDoctors help you understand how to manage #Backache and #HeavyBreasts during these times! 😳🥹🙋🏻‍♀️ https://t.co/vPN8ssZF9N"
132,2022-11-08 08:26:17+00:00,ABMH_MandC,"Proper consultation can make Motherhood and child care a smooth sailing for new mothers.
Schedule an appointment with our experts today

#ABMH #abmhmnc #myths #facts #pregnancy #postpregnancy #breastfeeding #baby #care #healthylife #healthyliving #family #service #happyfamily https://t.co/WOXr9VQyIi"
133,2022-11-08 06:44:14+00:00,medelakenya,"DID YOU KNOW? A calma teat will help a baby switching from breast to calma and back easy as it helps babies feed the same way they learned at the breast.

#calmateat #calma #Medela #medelabreastpump #breastfeeding #breastfeedingmom #breastfeedingmama #breastfeedingsupport"
134,2022-11-08 06:37:57+00:00,MrsB17415864,Tough night: baby was not settling despite doing everything I did the night before plus cracked and let 3yo stay in my bed when he woke up #parenting #breastfeeding
135,2022-11-08 06:26:05+00:00,LiangRhea,A fascinating thread about letdown reflex in #breastfeeding and a reminder that the amount of research about this essential function is miniscule compared to the amount of research on... erm... manly 'letdowns' like ejaculatory disorders and prostate issues. #GenderBias 1/2 https://t.co/rZNngdr6jP
136,2022-11-08 05:37:40+00:00,MagdaBotho,"@melindagates So why then destroy the first food system of #breastfeeding in Uganda &amp; Guinea-Bissau by funding .@AbbottGlobal formula experiments? You realize Abbott are facing lawsuits in USA. Is this the new face of colonialism? 
#BlackLivesMatter .@gatesfoundation https://t.co/XdkTODfZJp https://t.co/5SnI2gcx9a"
137,2022-11-08 05:01:00+00:00,Timeflys14,#babies #newborn #breastfeeding #benefits #infant #monitor #SIDS #risks https://t.co/tTnkGOE4IC
138,2022-11-08 04:13:07+00:00,dailyBFnews,SEHA launches annual awareness campaign to highlight the benefits of breastfeeding - ZAWYA https://t.co/0Dmuh1nsj5 #breastfeeding #breastfeedingnews #normalizebreastfeeding
139,2022-11-08 03:35:43+00:00,ArwaAAU,Breastfeeding hunger and thirst plus cravings is honestly worse then pregnancy! 😫 #breastfeeding #breastfeedingmama #cravings
140,2022-11-08 01:00:02+00:00,WABAsecretariat,"Take Home Messages – key messages from our #WBW2022 #AMA experts on:
a) The links between #breastfeeding and good nutrition, food security &amp; reduction of inequalities
b) How to step up for breastfeeding through education and support
https://t.co/XxjtGvJFRO https://t.co/8RP5vmfJ0h"
141,2022-11-08 00:13:36+00:00,dailyBFnews,Is It Safe To Breastfeed While Sick? Experts Weigh In. - HuffPost https://t.co/HcsiCvuppq #breastfeeding #breastfeedingnews #normalizebreastfeeding
142,2022-11-07 22:59:39+00:00,allaboutbaby00,"Breastfeeding is the most natural way to feed your baby :)

#breastfeeding

https://t.co/om5JlgSosk"
143,2022-11-07 22:13:47+00:00,dailyBFnews,Journey through Parenthood | Breastfeeding support group - WSAZ https://t.co/ccI6MAiW6R #breastfeeding #breastfeedingnews #normalizebreastfeeding
144,2022-11-07 22:13:47+00:00,dailyBFnews,Giving Birth May Permanently Alter a Mother's Bones - WebMD https://t.co/RLUOXzPhbv #breastfeeding #breastfeedingnews #normalizebreastfeeding
145,2022-11-07 22:09:01+00:00,HygeiaBaby,"Waitress Shows Her Appreciation For #BreastfeedingMother, Surprises Her With Free Pizza https://t.co/aiJT1aVPZ4 #breastfeedingmom #newmom #firsttimemom #breastfeeding #pumpingmom #breastfeedingsupport #publicbreastfeeding #normalizebreastfeeding https://t.co/VgWEFQPDp8"
146,2022-11-07 22:03:54+00:00,MotherToBabyUT,Stationed overseas and want to talk to a closer teratogen information center instead of calling back to the United States? See if there is a center in your area of the world at https://t.co/OOLs6oqQHS . #teratology #1in33 #breastfeeding #pregnancy
147,2022-11-07 21:27:46+00:00,lipstickalley,Husband complains about me #breastfeeding https://t.co/qT6uTR4G4g https://t.co/szGjb44aKm
148,2022-11-07 21:20:11+00:00,MarchofDimes,"#Breastfeeding employees in this country need your help! Join us in contacting your Senators, demanding that they #PassThePUMPAct. Time is running out for this bipartisan bill that would make a world of difference for moms and babies. https://t.co/Mh3eDV8vkm #BlanketChange"
149,2022-11-07 20:59:12+00:00,caremoiofficial,Women's Maternity Breathable Panties #moms #breastfeeding https://t.co/5GJP1FSBUQ https://t.co/zfCJyLw1wJ
150,2022-11-07 20:57:08+00:00,Pretings_store,"Like and share!

#breastfeeding #cute https://t.co/Ytl3uU6HDu"
151,2022-11-07 19:46:32+00:00,boobingit,"NEW MAMA STORY

""I wanted to exclusively breastfeed but it didn't work out that way""

By Charly Nelson

#Breastfeeding #BreastfeedingMama https://t.co/CspJNaifZy"
152,2022-11-07 19:00:50+00:00,MothersRooms,"Sheila Janakos, MPH, IBCLC started #HealthyHorizons because she was discouraged by her doctor from #breastfeeding during her first #pregnancy and lacking #lactationsupport during her second pregnancy. She became determined to empower new #parents and Healthy Horizons was born https://t.co/mdiycRIyqb"
153,2022-11-07 18:53:12+00:00,weliveINaSAMAJ,"#globalist #samaj
We're doomed
#microplastic #microplastics #breastmilk
#breastfeeding #BreastfeedingMom https://t.co/U78kI5MRQP"
154,2022-11-07 18:39:39+00:00,Geegabyte,"None of my kids have ever taken to a paci but baby is getting one in PICU. I’d like for him to take one for car rides b/c he hates the car so much.

Any recommendations for pacifiers for a breastfed baby?

#parenting #breastfeeding"
155,2022-11-07 18:38:59+00:00,garyhh2628,"Advancing the awareness of Modern Selfcare Efficacy

The Global Structure Network Group is the
world's most important Selfcare institution.

https://t.co/5ZCly6jDv2

#su2c  #WorldPolioDay   #IfTheShoeFits #WBW2020 #metoo  #InternationalSelfcareDay #breastfeeding  #thisisdiabetes"
156,2022-11-07 18:15:09+00:00,NutritionForDev,The #COVID19 pandemic has constrained resources for essential services like #breastfeeding support. What helps advance the Baby-Friendly Hospital Initiative? Read our latest LinkedIn article to find out:  https://t.co/uhpMK5F8TM
157,2022-11-07 18:09:00+00:00,ClintonCountyHD,"#Breastfeeding is an investment in health, not just a lifestyle choice. We invite you to post a #Picture of you and your nursling with #ThePowerOfBreastfeeding to help us #Normalize breastfeeding in our community. https://t.co/oJh7AoJgvv"
158,2022-11-07 17:32:09+00:00,MJ_Scribe,"Can I Write a Series by Bullet Points? – 2022-11-04 |SOE 6

Small progress on #Grobog series Shelved: #breastfeeding + #dragon book

#LiveWriting Series #Outline for Holy Heroes Hunter

#writer #author #StoryOverEverything #amwriting #kidlit #tokusastsu https://t.co/dItsCh8bn7"
159,2022-11-07 17:14:50+00:00,IableOrg,"Hi all, here's this week's CQW!
LactFact: Formula with corn syrup solids increases the risk of childhood obesity beyond that associated with non-corn syrup solids formula.

Read more: https://t.co/HpkTuUGFOO

#formulafeeding #breastfeeding #childhoodobesity #infanthealth https://t.co/5Jri9QgWsZ"
160,2022-11-07 16:52:18+00:00,SACCountyHB,"STARTING WEDNESDAY! You can stream a special program where Dr. Chasnoff will examine the biochemical features of substances of misuse + their clinical impact on the success of #breastfeeding, &amp; impact on infant growth. Sign up:  https://t.co/X2qx7fhKIV 👈

#Sacramento #Newborn https://t.co/GE1rkdTj0I"
161,2022-11-07 16:45:16+00:00,BostyBost,you ever wish u could go back to when you were a baby #breastfeeding #milkers
162,2022-11-07 16:35:03+00:00,DaddysGrounded,"The post has been reapproved. Thank you @MSN. I'm sure this was just a misunderstanding about #Breastfeeding. That's the whole point of the article.   

https://t.co/UbaGIthjW6 https://t.co/7Hd8jGNm9k"
163,2022-11-07 16:22:04+00:00,KSBreastfeeding,"Check out the photo album from last month's Kansas 2022 Breastfeeding Conference in Wichita! Special thanks to Kansas WIC and @KDHE for making this event possible. #breastfeeding #kansas
https://t.co/dU1Sn4m7q4 https://t.co/N9Uannierm"
164,2022-11-07 16:00:11+00:00,TheTisdahl,"@WakefieldStats found that nearly half (46%) of recent #moms have lied about their #feeding choices

#colettelouisetisdahl #cltfoundation #breastfeeding #chestfeeding #formulafeeding #bottlefeeding #fedisbest #motherhood #nomommyshaming #momlife #feedingchoice"
165,2022-11-07 15:54:02+00:00,Nickel_NC,Excited to hear professor @marietarrant talk about metabolic complications and #breastfeeding. Presenting on behalf of @HlthResearchBC funded postdoc scholar Dr Heidi Sze LoL Fan. @ubcokanagan https://t.co/0TYnMAyFC0
166,2022-11-07 15:50:29+00:00,pigeonarabia,"قدمي لطفلك تغذية طبيعية في الخارج!

إليك بعض النصائح للرضاعة الطبيعية في الأماكن العامة مع الحفاظ على الثقة والتواضع!

#PigeonArabia #MyLilPigeon #Breastfeeding #Motherhood #Baby #Dubaimoms #Motherandbaby #BreastfeedingTips #Momlife https://t.co/1yqcKUxry1"
167,2022-11-07 15:34:02+00:00,MotherToBaby,We are standing by for you!  #Pregnant or #breastfeeding &amp; have a question about a possible harmful exposure? Call 866-626-6847 or text 855-999-3525 with one of our experts. Hablamos español! #MotherToBaby #AskTheExperts https://t.co/tNLUv7wDmn
168,2022-11-07 15:15:42+00:00,MommyKnows_Best,"The votes are in-  Mamas everywhere are loving our new Mini Lactation Cookies! 🍪

Check out some of the reviews!

Now available on Amazon and https://t.co/QbDby921zM 

 #breastfeeding #pregnancy #momlife #newborn #newbaby #motherhood #postpartum #nursingmom #lactationcookies https://t.co/CFxsUgYG1Q"
169,2022-11-07 15:10:39+00:00,desallcom,"💥NEW CONTEST💥

Chicco invites you to design a multifunctional and adjustable #nursingbra that facilitates #breastfeeding and comes with integrated accessories.

▶️ Brief https://t.co/IeO0TiHZEO 
▶️ Ends MARCH 1st, 2023
⠀
#maternityclothing #contest #chicco #desall https://t.co/akJaT2PdXB"
170,2022-11-07 15:03:54+00:00,CParentCo,"Here are some useful things you can do to help prepare yourself to breastfeed. Helping you both adapt quickly &amp; easily 

https://t.co/Pb0MM0IJn3

#breastfeeding #parenting #baby #feeding https://t.co/2zZnB5R0M4"
171,2022-11-07 14:58:45+00:00,eClinicalMed,"📰New cohort study: #Breastfeeding duration and subsequent risk of #mortality among US women

The findings suggested that parous women with longer lifetime breastfeeding duration had a modestly lower risk of mortality

https://t.co/9vSRbLnGEb https://t.co/3bxnfpEnOq"
172,2022-11-07 14:39:10+00:00,RohitShelatkar,"Alongside one of our brand ambassadors, Life Coach Andrea Bazant, we had 2 workshops for 2 different groups of mothers.
Hosted in El Salvador, Andrea lectured on the topic: “Mom Rage” and “Dealing with Breastfeeding”. #breastfeeding #pregnancy #pregnacare #vitabiotics https://t.co/2g1XD1QRHS"
173,2022-11-07 14:13:37+00:00,dailyBFnews,North America Breast Pumps Market Detailed Analysis and Forecast up to 2031 - Digital Journal https://t.co/MiEnQUM2vQ #breastfeeding #breastfeedingnews #normalizebreastfeeding
174,2022-11-07 14:13:37+00:00,dailyBFnews,Event Details - Broward Health https://t.co/DU20kU5CCP #breastfeeding #breastfeedingnews #normalizebreastfeeding
175,2022-11-07 13:50:38+00:00,OttawaMilk,"Are you eligible to donate your milk to a Human Milk Bank?⁠
⁠
Learn more! ⁠
https://t.co/ZHvkN0S0J9⁠
⁠
#preemies #breastfeeding #humanmilkforhumanbabies https://t.co/rAfo6anUe6"
176,2022-11-07 13:47:40+00:00,Nickel_NC,Today's #Breastfeeding Oral Session will take place at the Westin Burroughs at 1030a. Moderated by @bjegier  https://t.co/XvL4igTcuR Come learn more about some of the latest work being done by folx to support #BF families.
177,2022-11-07 13:16:24+00:00,FeelmamasDE,"Feel will go on inflation break at the end of the year. If you never again want to freeze while breastfeeding and sleep better at night, treat yourself to a Feeljama. With 👉Feeljama30 👈you get 30% off Feeljamas on https://t.co/CqDFSCihl7. #breastfeeding #melk"
178,2022-11-07 13:14:36+00:00,FeelmamasDE,"Feel wird Ende des Jahres in Inflationspause gehen. Wenn ihr nie wieder beim Stillen frieren und nachts besser schlafen wollt, gönnt euch einen Feeljama. Mit 👉Feeljama30 👈bekommt ihr auf die Feeljamas 30% auf https://t.co/CqDFSCihl7.  #stillen #breastfeeding #stillenimwinter https://t.co/sfkktXnzJm"
179,2022-11-07 12:56:39+00:00,MaternityMent0r,"https://t.co/0JczAhdAMw
#thematernitymentor #maternitymentor #maternity #birthsupport #labor #postpartumdepression #perinatalmooddisorders #postpartum #perinataleducation #maternalsupport #breastfeeding #formulafeeding #pregnancy #laboranddelivery #antepartum #NICU #mentalhealth https://t.co/RSaQkzlZSa"
180,2022-11-07 12:26:29+00:00,BainneBeatha,"We believe all should have full access to breastfeeding support, regardless of their circumstances. 

#bainnebeatha #breastfeedinginireland #breastfeeding #breastfeedingsupport #supportforall #supportisbest"
181,2022-11-07 12:25:19+00:00,IMIConcePTION,"Today marks the start of #MedSafetyWeek, focusing on how patients and healthcare professionals can make safety work. Want to help? Make sure you report medicines used in #pregnancy &amp; #breastfeeding to help build safety evidence!

Here is how 👉 https://t.co/OPEuzRNQTb https://t.co/PnFlrmDQOE"
182,2022-11-07 12:22:00+00:00,boobingit,"The must-have #breastfeeding checklist for new mamas

https://t.co/ApagbJDiBE"
183,2022-11-07 12:18:08+00:00,BabyBanda_Kenya,#pregnantmum #pregnantlife #mum #mummy #mumlife #mums #kids #toddlers #breastfeeding #breastmilk #distributors
184,2022-11-07 12:02:02+00:00,Bf2gether,"We have a busy week ahead here at Breastfeeding Together! 🤱💕💻📱🤰🤰🤰

Find more information about our groups here - https://t.co/tNUhPAs9qf

And our training here - https://t.co/v8QulAUMOu

#peersupport
#groups
#training
#breastfeeding https://t.co/rB2645e5LA"
185,2022-11-07 11:58:22+00:00,ParentingPatch,#Pregnancy and #Breastfeeding Risk Categories: Medications X via @ParentingPatch https://t.co/gy81qRIIFq
186,2022-11-07 11:49:20+00:00,MDwcd,"स्तनपान म्हणजे
स्पर्श प्रेमाचा,
स्पर्श वात्सल्याचा
#breastfeeding #Mothermilk 
#childhealth #icds https://t.co/vmK9aPuGPP"
187,2022-11-07 11:27:50+00:00,SEHAHealth,"#Breastfeeding is hugely beneficial to mothers and children alike.⠀​
It burns extra calories, so it can help you lose pregnancy weight faster. It also helps your uterus return to its pre-pregnancy size and may reduce uterine bleeding after birth.​
#NationalBreastfeedingWeek2022 https://t.co/9nHjuM2emG"
188,2022-11-07 11:13:27+00:00,dailyBFnews,Event Details - Broward Health https://t.co/No9LeyxQJe #breastfeeding #breastfeedingnews #normalizebreastfeeding
189,2022-11-07 11:13:27+00:00,dailyBFnews,Is It Safe To Breastfeed When You're Ill? Experts Weigh In - HuffPost UK https://t.co/D2ciBgzIW5 #breastfeeding #breastfeedingnews #normalizebreastfeeding
190,2022-11-07 10:55:56+00:00,RoxanneKeynejad,"We made it! 
✅ All interchanges #stepfree
✅ Fully accessible venue 
🚫 Steep steps on all trains 
🚫 Man in Brussels Midi station waiting room offering unsolicited #breastfeeding advice…
#iawmh2022 https://t.co/taeDcTt0rT"
191,2022-11-07 10:00:03+00:00,publichealthni,"There are #breastfeeding support groups available right across Northern Ireland. These groups provide a great opportunity to find out more about breastfeeding, meet with other breastfeeding mums and get any questions you may have answered.
Find out more at https://t.co/QiVQ6v8TH8 https://t.co/LTpUXXp2EP"
192,2022-11-07 09:05:57+00:00,lactivmom,"When you first start breastfeeding, you may wonder if your baby is getting the right amount of milk.

#breastfeedingmama #breastfeedingsupport #breastfeed #breastfeeding #Indianbreastfeedingblog #lactatingmom #lactivmomgranules #hanacare #indianbreastfeedingmothe https://t.co/bqWp1ZXfnu"
193,2022-11-07 08:50:51+00:00,IDholpur,"#स्तनपान- स्वस्थ जीवन की बुनियाद
#breastfeeding https://t.co/lbjwrS4pbg"
194,2022-11-07 08:05:43+00:00,babysoftshop,#breastfeeding #cute Baby's Plush Stroller Rattle https://t.co/Ctgmb9SY1u
195,2022-11-07 07:52:47+00:00,ceritamamadewi,Handsfree Breastpump ARLEY Z10 Ultra #breastpump #breastfeeding #nasalaspirator #arleymalaysia #motherhood #mvmbabyexpo https://t.co/hZnmJMFfH0
196,2022-11-07 06:44:19+00:00,PWDPunjab,"نومولود بچے کے لیے ماں کا دودھ  سب سے بہترین غذا ہوتا ہے۔ ابتدائی دو سال تک بچے کو ماں کا دودھ پلانا زچہ بچہ دونوں کی صحت کا باعث ہے۔ ہمارے بچے ہمارا مستقبل ہیں۔ مناسب دیکھ بھال سے ان کو پروان چڑھانا  آپ کا پہلا فرض ہے۔
 #pwdpunjab #breastfeeding #balance #childcare https://t.co/HB3X3c6ROi"
197,2022-11-07 06:36:03+00:00,MummyFever,Night Feeds: A Survival Guide https://t.co/dCYShgiyMm #breastfeeding #motherhood #Parenthood RT https://t.co/mPI8iBIFwD
198,2022-11-07 06:15:33+00:00,dailyBFnews,"For Go-Lacta, Ultra-Quality Moringa Is the Only Way to Support Lactation - Benzinga https://t.co/w4Velqe8lM #breastfeeding #breastfeedingnews #normalizebreastfeeding"
199,2022-11-07 06:15:32+00:00,dailyBFnews,Anthropologists Find New Ways Female Bones Are Permanently Altered After Giving Birth - New York University https://t.co/ZBtH9Etcp2 #breastfeeding #breastfeedingnews #normalizebreastfeeding
200,2022-11-07 05:00:01+00:00,DrPamOliver,"Lots of news is circulating about the updated recommendations from the American Academy of Pediatrics, @AmerAcadPeds. It can be confusing to navigate #Breastfeeding, and Dr. Annie Condon and Danette Andersen from Novant Health are here to help. #Mothers https://t.co/68SyiTIVyL"
201,2022-11-07 04:45:00+00:00,USbreastfeeding,"Let's make sure #breastfeeding is at the table with the White House from the beginning of next year's budget process.

Join us in calling for an increase to the FY24 federal budget request for the Hospitals Promoting Breastfeeding line item! https://t.co/bEVdJsrB79"
202,2022-11-07 04:39:52+00:00,HospitalArtemis,"#Infants are more vulnerable to diseases &amp; allergies. #Breastfeeding &amp; skin-to-skin connect within the first few hours of child birth are very important as it immune the baby. 

This #InfantProtectionDay, let us take an effective approach to ensure the good health &amp; wellbeing. https://t.co/KjO6ICxcxV"
203,2022-11-07 04:14:01+00:00,dailyBFnews,Tips for Feeding with Inverted or Flat Nipples - https://t.co/eleSx9JqJB https://t.co/JrNm1JFX15 #breastfeeding #breastfeedingnews #normalizebreastfeeding
204,2022-11-07 04:02:04+00:00,MummyFever,Breastfeeding with gnashers https://t.co/1x6XiwGYen #breastfeeding #teething #babies RT https://t.co/E0wTazCyuA
205,2022-11-07 03:07:26+00:00,Pretings_store,"Who likes it? WOW

#breastfeeding #cute https://t.co/IWWKLJcBok"
206,2022-11-07 01:54:03+00:00,MummyFever,The one thing no one tells you about breastfeeding https://t.co/unNXbnikX9 #breastfeeding motherhood #loneliness #pblogger https://t.co/o8D91Rxwqb
207,2022-11-07 01:00:01+00:00,WABAsecretariat,"Take Home Messages – key messages from our #WBW2022 #AMA experts on “How to step up for #breastfeeding through education and support”
https://t.co/XxjtGw1gJm https://t.co/enF2rqeFqg"
208,2022-11-06 23:50:30+00:00,aciskumar,"Breastmilk is alive;it is teaming with antibacterial, antimicrobial and super components to boost your baby's immune https://t.co/aM0GeouuZ3 fact,one teaspoon of your breastmilk has as many as 3 million germ-killing cells in it
#Ak #breastfeeding #breastfeedingmom #pharmaceutical https://t.co/FwBwuLdrQJ"
209,2022-11-06 22:58:26+00:00,ParentingPatch,#Pregnancy and #Breastfeeding Risk Categories: #Vaccines via @ParentingPatch https://t.co/7hlslF7tdo #vaccination
210,2022-11-06 22:09:10+00:00,breastbuddiespk,"We have spaces available on our next infant feeding antenatal class which will take place via Zoom on Thursday  24th November - 9:30am start

To book your place please email: bb@homestartpk.org.uk 

#breastfeeding #breastfeedingscotland #breastfeedingmatters #breastfeedingsupport https://t.co/7BZyNVwBxN"
211,2022-11-06 22:07:00+00:00,HygeiaBaby,Royal Oak mom discovered #breastcancer after her baby refused to breastfeed https://t.co/jM0uMz6cCi #breastfeeding #breastfeedingmom #newmom #firsttimemom #breastcancerawareness #breastcancersupport #pumpingmom https://t.co/MUdAJf8BFR
212,2022-11-06 22:05:57+00:00,MumLifeandMe_,Just thinking of a blog post topic: did anyone lose weight once you had finished breastfeeding? Or did you lose weight during breastfeeding? #breastfeed #breastfeeding #nurse #Nursing #mama #mummy #mom #baby
213,2022-11-06 21:13:11+00:00,dailyBFnews,NYC Marathon Will Have Lactation Centers For Nursing Runners: A Win For Parenting - POPSUGAR https://t.co/g2Fp3SOw1d #breastfeeding #breastfeedingnews #normalizebreastfeeding
214,2022-11-06 21:01:46+00:00,Nickel_NC,Today @SofiaMoralesMPH dropped the mic: don’t tell me your values. Show me your values by where you put your money!  True for #breastfeeding programs. True for equity focused work. #APHA2022 @BFAPHA
215,2022-11-06 20:34:46+00:00,Nickel_NC,#breastfeeding work needs critical reflection of dominant health ideologies and agendas. @BFAPHA https://t.co/0rNzKlZpTT
216,2022-11-06 20:30:33+00:00,Nickel_NC,Our final speaker - Dr Bi-sek presenting on the development of a #breastfeeding coalition. She used an innovative ethnographic methodology in her work. @BFAPHA #APHA2022 https://t.co/37GXO33jpA
217,2022-11-06 20:21:49+00:00,BFAPHA,@Nickel_NC @APHAAnnualMtg So easy for #breastfeeding faces to get removed.
218,2022-11-06 19:45:12+00:00,pacifyapp,"Pacify lactation consultants will meet you where you are with your infant feeding goals and support you no matter how you choose to feed your baby. From breastfeeding, to pumping, to advice about formula, our experts are always here to help #infantfeeding #breastfeeding #pumping https://t.co/Hz2gRVunhQ"
219,2022-11-06 19:37:27+00:00,Nickel_NC,Kicking off our first Oral Session at #APHA2022 with a presentation on gender-inclusive language in #breastfeeding practice. @BFAPHA @APHAAnnualMtg #LGBTQIA #2slgbtqia https://t.co/cuPOJWDT6D
220,2022-11-06 19:08:01+00:00,babycentreuk,Preparing to breastfeed: https://t.co/83WPr19plB #breastfeeding https://t.co/0Xc3CLKyyI
221,2022-11-06 18:01:36+00:00,SofiaMoralesMPH,"Thrilled to be at the APHA @PublicHealth Conference! Today at 2:30PM EST I will present on a qualitative study we did with #Latina moms, looking to understand impact of #breastfeeding care experiences. Co-authors from @YaleSPH @carenhvct, inc @ec_rhodes @rperezescamilla et al https://t.co/ZLVjoihvNx"
222,2022-11-06 17:13:44+00:00,dailyBFnews,Event Details - Broward Health https://t.co/K3IkPBIr3X #breastfeeding #breastfeedingnews #normalizebreastfeeding
223,2022-11-06 16:59:25+00:00,Murjonfamily,"Are pacifiers good for your baby? The short answer is yes. Here's why.

Join our community! https://t.co/aooyZlho6v

#pacifier #bottle #babies #baby #parents #babybottle #latch #breastfeeding #lactation #colic #sucking #pacifierwork #pacifiers #mommysangels #sleep #babysleep https://t.co/RuMgLdkVA8"
224,2022-11-06 16:32:37+00:00,HadarPur,"31 Profitable Mobile Bus̍iness Ideas to Roll You into Startup Life ✌

#socialmediaengagement #saugatalks #marthaboeckenfeld #metaverseacademy #columbiamed #breastfeeding #energetically #souls 

https://t.co/ZACHU3GaHj"
225,2022-11-06 16:17:58+00:00,InfoDhule,"स्तनपान म्हणजे, 
स्पर्श प्रेमाचा, 
स्पर्श वात्सल्याचा....
@MDwcd
#breastfeeding #Mothermilk 
#childhealth @meedhulekar https://t.co/T9LGVfSmTg"
226,2022-11-06 16:13:19+00:00,dailyBFnews,Event Details - Broward Health https://t.co/No9LeyxQJe #breastfeeding #breastfeedingnews #normalizebreastfeeding
227,2022-11-06 15:23:17+00:00,BayouCityIBCLC,"""Breastfeeding is a mother's gift to herself, her body, and the earth."" - Pamela K. Wiggins
.
.
.
.
.
.
#bayoucitybreastfeeding #breastfeeding #lactationconsultant #IBCLCs #prenatalclass #lactation #breastmilk #baby #mother #breastfeedingmom #motherhood #momlife #newborn #nursing https://t.co/EAzor99jTY"
228,2022-11-06 15:19:04+00:00,Naturepedic,"Did you know that #breastfeeding is good for the one producing the milk, too?

There are so many health benefits that come from lactating, you lower your risk of heart conditions, type 2 diabetes, high blood pressure, and some types of cancers.

Read here: https://t.co/5BTywH9AXh https://t.co/QLCED1WdG6"
229,2022-11-06 15:13:22+00:00,ParentingPatch,#Pregnancy and #Breastfeeding Risk Categories: Medications L via @ParentingPatch https://t.co/Wq5HTc6Dw3
230,2022-11-06 15:10:18+00:00,ibreastfeed,The Drop-In #Breastfeeding Support Group at Little Hands SureStart is starting up again 👏👏👏  If you are interested &amp; live in this SureStart catchment area in #Derry you are welcome to attend! @LH_SureStart @WesternHSCTrust @mayordcsdc For more details: https://t.co/R36VCBqxFP https://t.co/g1sJenExUN
231,2022-11-06 15:01:34+00:00,FloridaAAP,"If you are #breastfeeding, you can still get #COVID-19 vaccines. Studies show no harmful effects on breastfeeding babies. Learn more from our friends at @healthychildren: https://t.co/gNqmSgiiou https://t.co/9gfTcfjkYD"
232,2022-11-06 14:44:40+00:00,TFWOK,"Happy Sunday!

#blessed #sunday #sundayfunday #family #love #kindness #positivity #nature #peace #breastfeeding #baby #mama #kids #meditation #relaxation #funtimes https://t.co/b07BF3dkOb"
233,2022-11-06 14:30:54+00:00,southasianIBD,"Check out Tanya Manohar's #pregnancy &amp; #breastfeeding journey with #Crohns in @ownyourcrohns blog here: https://t.co/VE4vYMtk3a

Listen to Tanya sharing her experiences on our recent Family Planning with #IBD Live:
https://t.co/P8W5FtCyLe

Thank you for sharing, Tanya 💥🎉 https://t.co/L7YazfJ338"
234,2022-11-06 14:15:00+00:00,DEVARTLab,"زمان قالوا"" الرضاعة ليها أصول "" تعالوا نتعلم إزاي ترضعي ابنك بطريقة صحيحة، ونتعرف على أصول الرضاعة الطبيعية مع بريستو
#بريستو| #الرضاعة_الطبيعية
 #ازاي_ارضع_صح
#Breastfeeding | #Brestto
https://t.co/BDQZUWYAjW https://t.co/uh4RLmPd1O"
235,2022-11-06 14:01:09+00:00,MidShoreWIC,"A big part of #WIC is to help babies have the best start in life. WIC moms are encouraged to #breastfeed their babies. Pregnant women and new WIC moms get #breastfeeding tips and help.⁠

Get connected to a Mid-Shore WIC breastfeeding specialist today! Call 410-479-8060 https://t.co/CU2fyWpRxc"
236,2022-11-06 13:13:51+00:00,dailyBFnews,Is It Safe To Breastfeed While Sick? Experts Weigh In. - HuffPost https://t.co/aQhifEJsJv #breastfeeding #breastfeedingnews #normalizebreastfeeding
237,2022-11-06 13:03:05+00:00,ibdesis,"For #CaregivingMonth, #IBDesis features Tanya, a #Crohns warrior in India. We share Tanya’s #pregnancy &amp; #breastfeeding journey w/ #IBD, highlighting the importance of multidisciplinary care &amp; advocating for ourselves in 🇮🇳

Read on @ownyourcrohns' blog: https://t.co/MJDXN7OV1c https://t.co/YS39ktrFhj"
238,2022-11-06 12:53:15+00:00,mohapuae,"Having a supportive medical staff helps promote breastfeeding. 

#MoHAP_UAE
#NationalBreastfeedingWeek
#BreastfeedingWeek
#Breastfeeding
#BreastfeedingIsHealthy https://t.co/Rit6MgdTDx"
239,2022-11-06 11:52:56+00:00,JuliePSmith1,The biggest myth promotes by baby formula companies like bayer is that breastfeeding doesn’t matter &amp; is unimportant for Women’s health. It promotes this myth on by neglecting to say on its website that premature weaning from #breastfeeding is a key risk factor for breast cancer. https://t.co/5GQ336gpZ9
240,2022-11-06 11:45:15+00:00,CarolineLawrenc,"I had great fun joining the @AgainstLore team to discuss #childcare in the #AncientWorld. Fascinating facts about #breastfeeding, #swaddling &amp; #naming among other fun facts! https://t.co/W4Ppwj4ax7
P.S. 1st tombstone (from Kalymnos) might show mother standing &amp; wet-nurse sitting! https://t.co/7w0FfVfJ2i"
241,2022-11-06 11:08:16+00:00,erwinloh,"A new study support previous research demonstrating minimal risks to #infants following #maternal #COVID19 infection, including for #breastfeeding infants. Within the COVID+ group, the mean probability of seropositivity among infant samples was lower than…https://t.co/ZrjhavzRAV"
242,2022-11-06 11:03:49+00:00,EMc_Carthy,"#breastfeeding #support #online every week, all year, on island of #Ireland run by experienced #accredited #Leaders @lalecheleague
@LaLecheIreland 
@LauraMcHugh12 
@HSELive 
@roinnslainte 
@MidwivesIreland 
@CMAHomebirthIrl 
@ICGPnews 
@RCGP_RoI 
@IrishPharmacy
@TCDHealthP https://t.co/YJGYb8PD3d"
243,2022-11-06 10:27:10+00:00,BabyBanda_Kenya,"Explore our pregnancy and birth products, designed to make your life better when you need them the most.

https://t.co/m61MxuujnU 

#babybanda #formumsbymums #pregnancy #motherhood  #pregnantbelly #pregnantmum #pregnantlife  #mummy #mumlife #mums #kids #toddlers #breastfeeding https://t.co/VFPcqBgT7n"
244,2022-11-06 10:13:00+00:00,breastpumpsg,"If your baby is experiencing discomfort while teething, you can give them a cold, wet washcloth before breastfeeding to help soothe the pain. 🎊
Got any other tips for keeping baby and mom happy during the season of teething?
 #Breastfeeding #BreastPump #BreastfeedingTips https://t.co/jA8PA4cE4O"
245,2022-11-06 09:13:46+00:00,dailyBFnews,SEHA launches annual awareness campaign to highlight the benefits of breastfeeding - ZAWYA https://t.co/NmFTajPq88 #breastfeeding #breastfeedingnews #normalizebreastfeeding
246,2022-11-06 07:41:00+00:00,Gujmom,Learn #Breastfeeding from a #Pediatrician with 20+ yrs of teaching experience. 12 Video Lessons &amp; useful material. Available in easy-to-understand ENGLISH or HINDI Language. Focus for Just 80 minutes &amp; you may learn the basics of breastfeeding a baby! A Not-for-Profit initiative! https://t.co/SxVhKIALGv
247,2022-11-06 07:13:25+00:00,dailyBFnews,"For Go-Lacta, Ultra-Quality Moringa Is the Only Way to Support Lactation - PR Newswire https://t.co/Kzdd7wlWCN #breastfeeding #breastfeedingnews #normalizebreastfeeding"
248,2022-11-06 05:16:05+00:00,BrilliancePink,Now why can i still squeeze milk out my ti+ties &amp; my baby 4 1/2 months😂 #breastfeedingmama #breastfeeding #moms
249,2022-11-06 05:08:20+00:00,ParentingPatch,#Breastfeeding Essentials: Must-Haves for Nursing and #Pumping Moms via @ParentingPatch https://t.co/eLPae7mzQg #ameda #boppy
