,Date,User,Tweet
0,2022-11-02 10:58:48+00:00,AairahHasan,#Feminazi are on road to destroy the families. But none of the so-called #Feminists will say anything against this menace. #HeToo #MenToo #GenderEquality #EqualityOfSexes https://t.co/AFBkxl5UeA
1,2022-09-01 17:17:18+00:00,zamineh,"How can civilization and life be sustained without #equalityofsexes, #onenessofallhumanity,  #nenessofGod, and #onenessofallreligions? https://t.co/Ml1ZIViNHV"
2,2021-11-25 08:51:25+00:00,WBHFoundation,"When our world is more GENDER EQUAL, gender based violence would be brought to an end. 🧡#orangetheworld 
#wadibenhirkifoundation #wbhfdn 
#iambecauseyouare #youtoocan
#empowher #empoweredwomen #uplifteachother #sheroes #equalityofsexes #charitiesworthsupporting https://t.co/ab17mNDln9"
3,2021-10-11 03:37:13+00:00,hebbarprajna_,"#InternationalGirlChildday
#GirlChildday 

#girls #independentwoman #independent #wedding #marriage #feminism #genderequality #equality #equalityofsexes #patriarchy #girl #reels #instareels #instagram #thoughts #mondayquotes https://t.co/htjkAnb7YQ https://t.co/nXNg8c1uWy"
4,2020-11-29 11:41:00+00:00,WBHFoundation,"When our world is more GENDER EQUAL,  gender based violence would be brought to an end. 🧡#orangetheworld
You can still follow our #16daysofactivism challenge here 👇
#16DaysofActivism2020
#iambecauseyouare #youtoocan
 #uplifteachother  #equalityofsexes https://t.co/YYcV7rsph1 https://t.co/ZyYXxxAbKw"
5,2020-10-20 14:10:04+00:00,BargainShopUS,"Equality.
#equality #equalityforall #equalityforeveryone #equalityforwomen #equalitynow #Equality4All #EqualityForAllSpecies #equalityneedsyou #equalitymarriage #EqualityBeforeTheLaw #equalityforward #equalityadvocate #equalityofsexes https://t.co/V84GvFH8JV"
6,2020-07-19 20:11:55+00:00,feminism4dummi1,#feminist #endpatriarchy #Feminism4Dummies #Equality #Resist #GirlLove #womenslivesmatter #WomenSupportingWomen #reclaimfeminism #EqualityofSexes #EndMisogyny #He4She
7,2020-07-19 20:02:08+00:00,feminism4dummi1,#feminist #endpatriarchy #Feminism4Dummies #Equality #Resist #GirlLove #womenslivesmatter #WomenSupportingWomen #reclaimfeminism #EqualityofSexes #EndMisogyny
8,2020-07-19 20:00:20+00:00,feminism4dummi1,"While the society thinks it is empowering women by telling them to act more “masculine”, when it comes to assuming roles which involve responsibility; it reeks of misogyny.
 #Feminism #endpatriarchy #Feminism4Dummies #Equality #reclaimfeminism #EqualityofSexes #EndMisogyny"
9,2020-07-19 19:59:28+00:00,feminism4dummi1,#Feminism #feminist #endpatriarchy #Feminism4Dummies #Equality #Resist #GirlLove #womenslivesmatter #WomenSupportingWomen #reclaimfeminism #EqualityofSexes #EndMisogyny
10,2020-07-19 19:57:28+00:00,feminism4dummi1,@ChimamandaReal #Feminism #feminist #endpatriarchy #Feminism4Dummies #Equality #Resist #GirlLove #womenslivesmatter #WomenSupportingWomen #EqualityofSexes #EndMisogyny
11,2020-07-19 19:56:58+00:00,feminism4dummi1,#Feminism #feminist #endpatriarchy #Feminism4Dummies #Equality #Resist #GirlLove #womenslivesmatter #WomenSupportingWomen #EqualityofSexes #EndMisogyny
12,2020-07-19 19:56:36+00:00,feminism4dummi1,#Feminism #feminist #endpatriarchy #Feminism4Dummies #Equality #Resist #GirlLove #womenslivesmatter #WomenSupportingWomen #EqualityofSexes #EndMisogyny
13,2020-07-19 19:56:18+00:00,feminism4dummi1,#Feminism #feminist #endpatriarchy #Feminism4Dummies #Equality #Resist #GirlLove #womenslivesmatter #WomenSupportingWomen #EqualityofSexes #EndMisogyny
14,2020-07-19 19:56:01+00:00,feminism4dummi1,#Feminism #feminist #endpatriarchy #Feminism4Dummies #Equality #Resist #GirlLove #womenslivesmatter #WomenSupportingWomen #EqualityofSexes #EndMisogyny
15,2020-07-19 19:55:46+00:00,feminism4dummi1,#Feminism #feminist #endpatriarchy #Feminism4Dummies #Equality #Resist #GirlLove #womenslivesmatter #WomenSupportingWomen #EqualityofSexes #EndMisogyny
16,2020-07-19 19:55:38+00:00,feminism4dummi1,#Feminism #feminist #endpatriarchy #Feminism4Dummies #Equality #Resist #GirlLove #womenslivesmatter #WomenSupportingWomen #EqualityofSexes #EndMisogyny
17,2020-07-19 19:55:27+00:00,feminism4dummi1,#Feminism #feminist #endpatriarchy #Feminism4Dummies #Equality #Resist #GirlLove #womenslivesmatter #WomenSupportingWomen #EqualityofSexes #EndMisogyny
18,2020-07-19 19:55:09+00:00,feminism4dummi1,#Feminism #feminist #endpatriarchy #Feminism4Dummies #Equality #Resist #GirlLove #womenslivesmatter #WomenSupportingWomen #EqualityofSexes #EndMisogyny
19,2020-07-19 19:54:48+00:00,feminism4dummi1,#Feminism #feminist #endpatriarchy #Feminism4Dummies #Equality #Resist #GirlLove #womenslivesmatter #WomenSupportingWomen #EqualityofSexes #EndMisogyny
20,2020-06-30 11:30:50+00:00,Elfyau,#equality #equalityforall #equalityforeveryone #equalityforwomen #equalitynow #Equality4All #equalityvodka #EqualityForAllSpecies #equalityneedsyou #equalitymarriage #EqualityBeforeTheLaw #equalityforward #equalityadvocate #equalityofsexes #equalityken #equalityline https://t.co/GjrpfOTtJD
21,2020-05-28 17:02:32+00:00,ChristieLegalMN,"My relationship tip for today is to share the household and kid responsibilities fairly equally.

#divorce #custody #familylaw #jointdivorce #amicabledivorce #affordabledivorce #affordablecustody #affordablefamilylaw #overwhelmed #unfair #equalityofsexes…https://t.co/mG3IpFTfmM"
22,2020-01-22 20:40:52+00:00,yourfoodfantasy,"@VirginTrains does the image mean only a female is meant to be changing for baby? What if someone is single dad?
#virgintrain #singledad #equalityofsexes @BBCNews @SkyNews @MetroUK @richardbranson https://t.co/Tl5d2Wh7ob"
23,2019-12-04 01:34:20+00:00,Cisplainer,#truefacts #cisplaner #cisplanation #1 #murders #men #women #femicide #feminism #patriarchy #triggerwarning #equalityofsexes #factsnotfeelings @ City of Edinburgh https://t.co/xaS3HD6jgT
24,2019-10-11 12:56:26+00:00,UchennaUmeh9,"Happy International Girl-Child Day!

On this special day, let us all make a concerted effort to end all injustice towards the girl-child; sexual abuse, educational inequality, sexual exploitation, child-abuse, and justices of all sorts.
#Feminist #equalityofsexes 
#askdoctorlulu"
25,2019-09-13 05:43:34+00:00,Shivani01704200,Women's rights are #HumanRights ! Let's work TOGETHER towards equity rather than let things like gender or race divide us #genderequity #feminism  #equalityofsexes.....
26,2019-07-30 13:47:16+00:00,CuteGirlUglySe1,"Equalize-HER https://t.co/gzflLxN3rY
#equality #equalityproduction #EqualityWalk #equalityforthenips #EqualityForAllSpecies #equalitymarriage #equalityinsport #equalityofsexes https://t.co/VLJ8DKAkSf"
27,2019-05-23 19:25:04+00:00,MarieWattsBooks,#equality #equalityrights  #equalityaccount #equalityhasmanyforms #EqualityBeforeTheLaw #equalityadvocate #equalityispossible #equalityfollow #equalityforeveryone #equalityforall  #equalityofgenders #equalityforwomen #equalitymovement #equalityofsexes #equalitymatters https://t.co/Ag9JCTGimc
28,2019-03-08 05:19:09+00:00,KevOwee1,"@citizentvkenya You can say this again... Just a little bit louder. 
Blessed be the womb that bore thee. Happy women's day phenomenal woman!!!
#EqualityofSexes"
29,2018-12-11 04:03:11+00:00,Emilio_Verdi,@the_rojava @curdistani #MeToo Let us #Hear the #VoicesofSolidarity of the brave #Women of #Afrin #HumanRightsDay #EqualityOfSexes is esse of #Healthy and #FreeSociety #WorldThatWorksForEveryone @jeremycorbyn @DrJillStein @Greg_Palast @ajamubaraka @NancyPelosi @Ocasio2018 @NaomiAKlein @jeremyscahill
30,2018-11-25 13:12:08+00:00,Kumargautamkg,"Didn’t knew about this, certainly a eye-opener. Education system needs to update along with time to remove disparities and bring in equality. 

#Education #EqualityOfSexes #Islam #FemaleInequality https://t.co/RfkcrM1gD6"
31,2018-10-17 12:30:02+00:00,MeenaDasNarayan,When congress is caught in rape cases.. SILENCE.. when they abuse women.. no equality.. SILENCE.. only #Sabrimala is about #EqualityofSexes LOL #DoubleSpeakParty
32,2018-10-16 06:00:27+00:00,beyondiversity,"Everyone has their own definition of feminism. What is yours?

#TuesdayMotivation #TuesdayThoughts #TuesdayTreat #feminist #feminism #genderequity #GenderPayGap #womenentrepreneurs #womenempowerment #womenempoweringwomen #EqualityForAll #equalityofsexes #womenmatters https://t.co/xoi7lOhIJw"
33,2018-07-23 09:30:09+00:00,equali_twear,#equalityken #equalityline  #equalitynotcharity #EqualityMD  #equalitymonday #equalityofsexes  #equalityforrace #equalityispossible  #equalityni #equalityaccount  #equalitywins #equalityleague #equalitync  #equalityinsport
34,2018-07-22 15:35:04+00:00,equali_twear,#Equality #equalityforall #equalityforeveryone #equalitynow #Equality4All #equalitymarriage #equalityneedsyou #equalityforward #equalityadvocate #equalitymovement #equalityrights #equalitymarch #equalitySunday #equalityofsexes #equalityforrace #equalityispossible
35,2018-06-14 14:48:57+00:00,sheenatweet,Why black women's experiences of #MeToo are different via @TC_Africa https://t.co/xfNpjx6PVK #BlackWomen #women #equalityofsexes
36,2018-04-06 12:03:02+00:00,Kumargautamkg,"It’s not only India but Japan also needs reforms when it comes to equality of sexes. Seems they are still living in medieval era. 

#Japan #Sumo #EqualityOfSexes #WomenEmpowerment #Woman #Japanese 

https://t.co/mlvRwoeFIQ"
37,2018-03-25 19:42:38+00:00,viswanadhasriva,"#EqualityOfSexes should be a pit stop, not the destination in our rally towards #NoToDiscrimination where feminists are one of the cohorts"
38,2018-03-08 20:04:30+00:00,James_Madiosn,"@JudithAPUSH2018 An early advocate of #EqualityOfSexes ,but dont want to be drafted in wars 🤦🏻‍♂️"
39,2018-03-08 14:30:10+00:00,brendoncbm,"Happy International Women's Day. Until today, I am still very proud and not afraid to say, I am a feminist. #internationalwomensday2018 #equalityofsexes"
40,2018-02-01 08:19:47+00:00,KissJessicaJane,"Instead of banning walk-on girls across all sports, let’s introduce walk-on MEN!! #EqualityOfSexes #walkOnGirls #WalkOnMen #everyonesAWinner 👍🏻 https://t.co/Q1ybtrf0cF"
41,2018-01-20 20:19:09+00:00,jasonjimenez,Jk! #womensmarch #equalityofsexes https://t.co/PlLe9q8wl0
42,2018-01-11 20:14:18+00:00,GaryWmMyers,"‘Historic Step’: #Greece Curbs #Powers of #Islamic #Sharia #Courts
#Islamization in #Reverse

#criticism #morality #Islam #Turkey #Thrace #equalityofsexes #laws #legislation https://t.co/S8eozKC1oM https://t.co/CcPo2FUolk"
43,2017-09-06 17:28:17+00:00,TheRealHaud,#DEMOCRACY #EQUALITYOFSEXES  #weheartthegreatpeacemaker #womenANDmenareimportant #beck4 https://t.co/pWDN2jECm1
44,2017-06-26 19:45:28+00:00,RobertNorthove3,"When are we going to stop teaching our kids Chaucer and sending them down the pub to be exploited when drunk. #Youthpower 
#equalityofsexes"
45,2017-06-22 14:18:18+00:00,KathrynKickligh,"RGB speaks. #EqualityOfSexes

Justice Ginsburg and the Price of Equality https://t.co/OYtvJOfYfj"
46,2017-06-09 23:55:07+00:00,RobertNorthove3,Can you spell people with a w? Wombmen. #equalityofsexes
47,2017-03-08 09:59:57+00:00,eugomescarol,Feliz dia da mulher 💜 #EqualityOfSexes
48,2017-01-16 17:52:42+00:00,Bob_Bery,@CNN Misandry is as powerful a prejudice as Misogyny I know not all the women are but many oppose Trump because he's a man #EqualityOfSexes
49,2016-12-21 14:13:43+00:00,kbsafdar,"@CowaterConnects #UnitedNations​ Humanity needs #Equalityofsexes #educationforAll #health, #childcare #cleandrinkingwater #cleanenviroment"
50,2016-10-17 05:27:31+00:00,Psychokanga,Why wasn't she holding the umbrella for him #everydaysexism #equalityofsexes https://t.co/e26DFvnTr5
51,2016-10-02 02:18:18+00:00,zomdykiwi,#equalityofsexes - Edward Elric's style 😂😂😂😂 https://t.co/54I28IC9fK
52,2016-08-25 02:08:25+00:00,Moyoolusoji,"Women are the future, so we all have equal rights and we should be treated fairly in the society no matter what #EqualityOfSexes"
53,2016-08-25 02:06:31+00:00,Moyoolusoji,But we should try reaching or doing things men do that they think it's not for women and men should support us #EqualityOfSexes
54,2016-07-08 08:28:31+00:00,BiztheBuz,"@gemmacdoyle @MSmithsonPB Women's lib also means using your sex to get on is an insult to intelligent women.
#EqualityofSexes"
55,2016-05-19 03:01:29+00:00,MarianeLapierre,This is injustice😪👎🏼 Make me sick.. #feminist #equalityofsexes  https://t.co/JdYPWOXbMK
56,2016-02-12 19:30:33+00:00,MarianeLapierre,Unbelievable 😡 #equalityofsexes https://t.co/Xm0IOqXXaK
57,2016-01-29 15:52:24+00:00,FrChapleau,Please close this office. #Humanrights (notably #equalityofsexes) should prevail. #cndpoli #UN #justice #Canada  https://t.co/r1X97a3g2F
58,2016-01-11 00:20:52+00:00,Seb_Gzh,Il n'y a pas que les filles qui peuvent savoir si au bout de 30mn une relation est envisageable. Certains mecs aussi hein #EqualityOfSexes
59,2015-09-14 09:49:09+00:00,Hariclea,"@cramer_cc @NellinDreams ja, das war seine personliche Antwort auf die Hoschen die er fruher abfing #equalityofsexes ;-)"
60,2015-07-23 11:43:42+00:00,SalouaIbaline,Amen! #womenempowerment #equalityofsexes #womenstrong https://t.co/p8aFzEFqC6
61,2015-07-13 19:55:07+00:00,vip_cyp,@CigdemDRST @AnayasaNevzat @UKinaoglu @can_sozer @BarbarosSansal No better no worse!Here is #EqualityOfSexes
62,2015-07-03 16:09:57+00:00,vivalaczeska,Have a Fierce Friday!!!#FeministFriday  #social #political #economic #equalityofsexes Beyoncé - Flawless (Remix)  http://t.co/TnrtHyO2Ge
63,2015-06-30 11:37:51+00:00,tochie_nacho,Equality of Sexes did not only give  the woman the status of a man But also gave the man the status of a woman. #equalityofsexes
64,2015-05-05 19:37:24+00:00,LeenaPutkonen,"@ilonavehmas Ei, kyllä feminismissä on kyse nimenomaan naisten ongelmista ja tasa-arvoisuuden puutteesta. #definition #equalityofsexes"
65,2015-02-01 06:55:15+00:00,gagan2741,Feminism Over Humanity http://t.co/cBYgxVP8ld via  #Feminism #over #Humanity  #Delhi #metro #blog #post #equalityofsexes #equality
66,2015-01-26 21:35:04+00:00,7adamshafiq,#Beyonce #BeyonceFlawless #Flawless #Feminist #EconomicEqualityofSexes #EqualityOfSexes #Sexes http://t.co/vR8gET0YwB
67,2014-12-15 08:33:53+00:00,aclassicmom,I fail to understand...how come #women are the ones against #equalityofsexes ...#harshrealities #foolish
68,2014-12-08 09:16:39+00:00,VaruNaha,"Also Men.
#EqualityOfSexes
RT ""@indiantweeter: RT if you want government to ban women."""
69,2014-11-17 22:16:13+00:00,SimTheWriter,This is why we need co-ed bathrooms! It would solve SO many problems. #genderequality #equalityofsexes
70,2014-11-09 12:19:04+00:00,carrencara,Beyoncé - Flawless (Remix) ft. Nicki Minaj | queen bey &amp; queen nicki 👑👑😍😍   #equalityofsexes http://t.co/jDG4U0GyE1
71,2014-10-31 04:00:38+00:00,jemangelesoleil,"@prasanto Why should a woman, not raped, enjoy the choice to not disclose father's name? What about a father's rights? #EqualityOfSexes"
72,2014-08-25 03:07:07+00:00,_kaysmi,#EqualityOfSexes #BEY
73,2014-07-21 23:01:52+00:00,8CHill8,"Situation: Went on 3 day Vaca, ate and drank like shit, lost 5 lbs.
Guy: God Dammit!!!
Girl: Hell yeah!!!
#equalityofsexes my arse!!"
74,2014-05-18 08:59:00+00:00,rovihop2,Croquet is an outdoor sport that men and women can play against each other on equal terms due to the handicapping system. #equalityofsexes
75,2014-05-06 13:31:26+00:00,dquintonnavarro,Men Only #sexist - Women Only #equalityofsexes
76,2013-12-16 23:28:04+00:00,jadekrystal_,The #social #political #economic #equalityofsexes #beflawless beyonce did that http://t.co/0afHM6S6GZ
77,2013-05-16 20:23:14+00:00,loopylouiow1,So you can do as you want but i cant?#equalityofsexes
78,2012-10-22 22:16:42+00:00,jennaniganz,Talking to Biblical scholars really gets me fired up. #AwesomeGod #equalityofsexes #smartpeoplearesmart
79,2012-06-27 23:20:05+00:00,WandaCampbell1,I showed my friend  #Mammatus clouds she thought they should be called Tetestus instead! #justsaying #equalityofsexes http://t.co/39VD1xZO
80,2012-06-20 22:10:13+00:00,driveequals,harmony + equality btwn sexes by understanding how tension btwn conflict + cooperation //#equalityofsexes#conflict &gt;&gt; http://t.co/YmBqnMcX
81,2012-02-08 17:02:31+00:00,DeliriousPixie,"#Hypocrisy happened ""@prayingdamsel: Why would people favor #sexism? what happened to #education and #EqualityofSexes?"""
82,2012-02-08 16:48:36+00:00,wordlypilot,Why would people favor #sexism? what happened to #education and #EqualityofSexes?
83,2012-02-01 15:26:40+00:00,zenonah,@telefinn At our home everyone puts the toilet lid down before flushing because we don't want to wash our teeth with shit. #EqualityOfSexes
84,2012-02-01 13:39:10+00:00,telefinn,Women always complain about men not putting the toilet seat down. But surely women should they leave it up for men also! #EqualityOfSexes
85,2011-09-25 07:49:47+00:00,sarinsuares,Daughter's day on a Son-day. #equalityofsexes RT @ullasd @IyerAvin
86,2011-09-25 07:03:35+00:00,anandgupta550,@IyerAvin : A man in wo'man' #equalityofsexes
87,2011-09-25 07:00:47+00:00,Yellow_Magnet,"+1 RT ""@IyerAvin: Daughter's day on a Son-day. #equalityofsexes"""
88,2011-09-25 06:58:31+00:00,ullasd,RT @IyerAvin: Daughter's day on a Son-day. #equalityofsexes
89,2011-07-08 00:32:12+00:00,tennis_diva,"@HDKey O I C. I think I rested my mind on this issue when I thought of it as entertainment value, not workload per se. Also #equalityofsexes"
90,2011-03-02 02:34:39+00:00,Natatah1710,"#TheWhiteHouse says that womyn only make 80% of what a man makes! 
#BULLSHIT 
#WhatHappenedTo #equalityofSEXES?
#SMMFH 
#ladies its time ..."
