,Date,User,Tweet
0,2022-09-15 18:14:19+00:00,maddiekeroro,"I HATE WOMEN, I LOVE ANDREW TATE SO MUCH. PLEASE MARRY ME ANDREW #womenarestupid"
1,2022-05-15 11:11:36+00:00,AspergerVoyage,#WomenAreStupid they do not realize it is a #Democrats killing their #AbortionRight by not killing the #filibuster and passing the abortion rights law don't blame #SupremeCourt or the #Republicans #Democrats have this sitting their hand but protect the filibuster not women https://t.co/6JGZVyuUA3
2,2022-05-05 11:57:05+00:00,mrcommon_sense,@LuciaOC_ It would seem if you women worried more about abortion rights rather than living vicariously through someone else’s life .#womenarestupid
3,2022-05-05 11:46:30+00:00,mrcommon_sense,@JoyAnnReid your ok with 85 year white dictating what you do with your body and then do nothing more than complain.#womenarestupid
4,2022-05-05 11:42:32+00:00,mrcommon_sense,@JoyAnnReid Are women just stupid how do guy’s let these pasty face people run your lives.#womenarestupid
5,2022-02-09 02:39:26+00:00,abinantonysr,"@FeministQUEEN88 The real argument is ""why women think they are funny ""#womenarestupid"
6,2021-12-10 04:36:55+00:00,swagmoneysavage,#womenarestupid https://t.co/i3jsSVkWMs
7,2021-05-14 00:42:33+00:00,LaPuta_2,"So I thrown in Facebook jail today cuz somebody got butt hurt that I commented ""my God women are stupid"" under a video of the lady filling storage bins with gas. Are you serious?? #fuckfacebook #zuckerbergsux #womenarestupid"
8,2021-03-24 10:28:24+00:00,dupui,"A woman may be smart, but #womenarestupid https://t.co/XGBNsLJYs7"
9,2021-03-11 13:29:01+00:00,JehovaWetnesses,@wettyornot2021 hey don’t forget the the fake pregnancy #womenarestupid #especiallythisone
10,2021-01-06 20:34:32+00:00,elenannaroig,#deep #womenarestupid https://t.co/Uq9255KPP5
11,2021-01-04 23:35:07+00:00,j0hNxPaUL,@Cosmos88285303 @ViVirus_ @DIAMONDTSURU @papiii_karlo #Womenarestupid
12,2020-12-21 02:07:49+00:00,lisa_barrrz,Lady ref says the giants keep the ball #womenarestupid
13,2020-11-07 00:55:31+00:00,barry_obiden,"Sure I need unintelligent women on cp24 to count to 270 for me
Hashtag when did we let women count let alone vote?
#womenarestupid"
14,2020-10-23 05:03:56+00:00,AntonioReyesTx,"All ""Evil Leaders"" Are actually practitioners of 
""The Experiment Of Republic""
They Set Out The Rules &amp; The stupid followers do them.
Kittens Aid
Devil Dogs Doomsday
#GatasSalvajes
#WomenAreStupid
💓💔🍦🇺🇸🇺🇸🇺🇸🇺🇸🇺🇸🇺🇸
#American
Ame Al Rican
#RicanPapi
🇺🇸🇺🇸🇺🇸🌎🇺🇲🇺🇲"
15,2020-09-24 10:21:21+00:00,sandrajg19,"I'm a woman 

An idiot stole the presidency from a WOMAN 

And women supported the man 

Let that sink in 

P.S. 

The man is on record for having raped two women and sexually harassing 26+ women 

#WomenareStupid 

#ETTD #womensupportingtrumparebraindead 

#Predatortrump"
16,2020-09-06 09:11:50+00:00,RandomUser680,@JeMenBatLeClito @eisxn #WomenAreStupid et tout les jours vous le prouvez
17,2020-08-30 16:38:22+00:00,LivingGang,"Women LOVE making fun of men about ""doing the bare minimum"" and also like to post things like this.

...which is the absolute bare minimum. Just say you hate men and move on.

#women #redpill #DoubleStandards #nolivesmatter #misandry #womenarestupid https://t.co/ZjQT3Jt7ey"
18,2020-08-14 14:20:10+00:00,SahQuelPlaise,@OUTrageantes @N_E_I_S_T @agathewithane @Arielpurclean #WomenAreStupid
19,2020-05-15 17:30:07+00:00,Th3Dop3Shaq,@tomsegura Word ......I put on a misogynistic front but i really adore and respect the lil shit bags #womenarestupid
20,2020-04-18 18:19:47+00:00,rubenlsf,@ProfesseurAss #womenarestupid
21,2020-04-18 09:27:14+00:00,rubenlsf,@ProfesseurAss #womenarestupid
22,2020-04-17 07:17:25+00:00,Lateralus_987,@MissCliKK #Womenarestupid
23,2020-04-12 15:27:28+00:00,YARien313,"@JeMenBatLeClito @eleapscl En meme temps tu le ficha , #womenarestupid"
24,2020-04-12 14:40:29+00:00,rubenlsf,@lvurvnt @lina_lbu #womenarestupid
25,2020-04-12 13:58:40+00:00,rubenlsf,"@NaYoNeK_ #womenaretrash
#womenarestupid"
26,2020-04-12 13:56:05+00:00,rubenlsf,@JsuiUniq #womenarestupid
27,2020-03-30 14:49:42+00:00,theDonspeaksup,"Nothing wrong with flaunting what you have. But feminists out here, expecting a ""Have a great day!"" comment? Based of her CAPTION??? If #menaretrash then #womenarestupid https://t.co/WH45XHHdwa"
28,2020-02-17 11:51:57+00:00,Sultrie1,"@HNouriatte Disney didn't create anything, the author lived in the 17th century, you don't need a master's degree in history to know this kind of thing. Walt Disney was born in 1901, when would you understand that the situation of women has changed since then? #WomenAreStupid ? https://t.co/wKmFK2pHME"
29,2020-02-16 10:29:51+00:00,CedytheWonder,"@hmsofff Depuis le temps que vous le dites, vous en avez pas marre de vous faire avoir?🤔 #womenarestupid"
30,2019-12-08 21:51:20+00:00,LesTheLesbo,@pattyrosborough Wonder how much of a backlash there would be if the tables were turned in the #womenarestupid ? Women opening a bag of cookies which aren’t cookies anyway... Oh hang on there a hashtag with that title surprise surprise !!
31,2019-08-10 02:09:08+00:00,Lateralus_987,"@starkssemble Ouaip très bien installé ces sales racistes sexistes et fascistes 😡 d’ailleurs on appel ça ""LGBT+"" ou ""féminisme"" 
tu te rends compte ? Sous couvert de ""c’est nous les gentils"" ce qu’on laisse passer ?
#Womenarestupid
#louzladebile"
32,2019-08-06 19:09:23+00:00,Lateralus_987,"@ticouple41 @LSFradioOff Le plus marrant la dedans c’est que toutes les dégénérées ont tellement déformé les mots qu’elles mêmes ne savent même plus ce qu’ils veulent dire.
Ceci n’est pas un (futur) viol, de part le simple fait que c’est un CHOIX (tu te rappel ? MES CHOIX GNIAGNIAGNIA)
#Womenarestupid"
33,2019-08-02 14:57:16+00:00,Lateralus_987,"@Zoa_MB @PepiteSexiste Tu as voulu être forte et indépendante ? Alors arrête de chialer parce que un truc est 60 centimes plus cher en rose qu’en bleu.
Ça serait sexiste si tu était obligée en tant que femme de prendre le rose, or ce n’est pas le cas, donc ferme là.
#Womenarestupid"
34,2019-08-01 20:08:07+00:00,Lateralus_987,"@EsdBeauvoir La Résistance se met en place 🙏 Merci les gars !
Ça veut partir en guerre contre 50% de la population et ça croit qu’il n’y aura aucune représailles ?
A mort cette idéologie nauséabonde sexiste et raciste, le petit manège ne va bientôt plus fonctionner 😉
#Womenarestupid"
35,2019-07-30 19:42:43+00:00,Lateralus_987,"@EcarlateFennec Il n’y aurait aucun problème si tu n’avais pas chercher à te la jouer en disant ""non oppressif loool 🤪""
Tu sais très bien que ça l’est. Actuellement ton lobby est le plus oppressif, agressif, raciste, sexiste, totalitaire etc etc.
Tu es tout ce que tu combats.
#Womenarestupid"
36,2019-07-29 03:31:18+00:00,Lateralus_987,"@DrOphelieVeron Donc tu préfère qu’il mette ses jambes comme toi, comme ça vos genoux se touche et donc ducoup il t’agresse ? 🤦‍♀️
Réfléchi 3 secondes ? 🤷‍♀️
#Womenarestupid"
37,2019-07-24 13:59:33+00:00,Lateralus_987,"@Marxist_Fem ""Par contre les gays arrêtez de vous genrer au féminin""
😂
Tu te rends compte que y’a rien de plus non inclusif et intolérant ?
Si je suis ton féminisme de base, avec vos gender de merde là, n’importe qui a le droit de se genrer n’importe comment.
Donc ferme là.
#Womenarestupid"
38,2019-07-24 13:40:35+00:00,Lateralus_987,@mialmalmq Oui il se passe que : #Womenarestupid
39,2019-07-23 21:16:29+00:00,Lateralus_987,"@AssoLallab Ce qui est surprenant aussi c’est que le ""féminisme"" défende un symbole de l’oppression et d’asservissement de la femme. Dans les pays musulman c’est de l’enlever qui est militant et elles risquent la MORT pour ça.
#Womenarestupid"
40,2019-07-23 20:55:02+00:00,Lateralus_987,"@emptyscore @PepiteSexiste Puis-je voir le texte de loi qui vous interdit l’achat d’objet mentionnant des termes tel que ""pour hommes"" et inversement pour les hommes ?
C’est bien ce que je pensais.
On s’en fou c’est du marketing et le plus simple pour différencier 2 produits reste celui là.
#Womenarestupid"
41,2019-07-20 19:46:14+00:00,Lateralus_987,"@JLeugeMaillet @lidlfrance @PepiteSexiste ""Tweet sur l’emploi mais pas que"" effectivement oui, ça tweet aussi de la merde
Hé oui seules les mamans peuvent toucher un pot de bébé c’est bien connu. 
Non mais, tu sais que ta vie n’est pas régie par les pubs ou les manuelles des objets que tu achète au moins?
#Womenarestupid"
42,2019-07-18 22:13:48+00:00,Lateralus_987,"@khbaalsaat Et si c’était pas le sexisme et la misogynie mais plutôt vos délires bien pensant qui pousse les petites filles à imiter leurs idoles ""décomplexée à donfffff hihi le sex partout on fait trop ce qu’on veut""
?
#Womenarestupid"
43,2019-07-17 13:14:03+00:00,Lateralus_987,"@chelxie Hé, tu sais les crédits ça existe hein. Un générique de film c’est pas fait pour faire jolie et ajouter 10 mins au film. Tu reproduis, c’est bien la prochaine fois tu crédite ce que tu a reproduit. C’est pas compliqué ça va ?
#Womenarestupid"
44,2019-07-16 23:28:49+00:00,Lateralus_987,"@uneslytherin Tu pourras chialer aussi fort que tu veux y’aura toujours des beurettes prêtent à aller se faire déboité face à une caméra pour quelques euros et toujours des gens pour taper le mot ""beurette"" sur un site porno. 
#Womenarestupid"
45,2019-07-16 18:53:54+00:00,Lateralus_987,"@CapKamm C’est dans ta tête tout ça enfaite tu sais ?
Tu sais que tout le monde s’en bat les couilles de tes cheveux au moins ?
Tu as créé ça toi même bravo !
#Womenarestupid"
46,2019-07-16 18:50:26+00:00,Lateralus_987,"@louzlapoetesse Chut 🤫
Ton patriarcat n’existe pas, comme ton dieu.
Donc quand tu dis ""patriarcat"" soit y’a une preuve avec, soit tu la fermes 🤷‍♀️

(Et au pire si tu arrive à m’amener la preuve... hé bien : PAS DE BITES DONC PAS D’AVIS DESSUS LOOOOOOOOL)

#Womenarestupid"
47,2019-07-15 19:01:43+00:00,Lateralus_987,"@lacrapsante N’êtes vous pourtant pas bien placé pour savoir que la sexualité ne reflète pas la personnalité ? 😉
#Womenarestupid"
48,2019-07-15 11:23:57+00:00,Lateralus_987,"@emilie_graff @PepiteSexiste Aller, vas-y, démontre maintenant. Démontre moi comment et pourquoi c’est sexiste, et seulement après tu pourras réviser tes classiques hein.
Il ne suffit pas de prendre une photo d’un truc qui parle vaguement de mecs/meufs pour que ça soit sexiste.
#Womenarestupid"
49,2019-07-13 18:47:15+00:00,Lateralus_987,"@La_Giclee @cbouclesdor Dommage que ""les hommes"" ne sont pas un ""groupe social"", ne sont pas des ""dominants"", les femmes ne sont pas ""dominées"" non plus. Pas en France tout du moins.
Out de base parce que ca parle de ""patriarcat"" qui est une chimère au même rang que dieu.
🤷‍♀️ #Womenarestupid"
50,2019-07-13 14:43:25+00:00,Lateralus_987,"@ChijireTakami Dixit la petite bobo blanche 🤣
#Womenarestupid"
51,2019-07-12 13:53:03+00:00,Lateralus_987,"@Pumpkage @MannyKoshka Hahaha ""logique"" 😂 qu’est-ce qu’il faut pas entendre !
Vous êtes à l’extrême opposé de la logique, et MannyKoshka n’utilise le féminisme que pour vous vendre 3 photos de merde pour 30 balles 😂 femibiz 🤑
Aller tiens Manny c’est pour toi :
#Womenarestupid"
52,2019-07-10 20:35:10+00:00,Lateralus_987,"@Haawhy_ Oh oui fait ce tatouage je t’en supplie ! Rien de tel que la moquerie éternelle et la honte en guise de punition de ta jeunesse ignorante
#Womenarestupid"
53,2019-07-10 20:20:50+00:00,Lateralus_987,"@_Boketto Dixit la petite chose qu’il faut absolument protéger avec pleins de lois parce que 😭 elle se fait tuer et violer. Oh que c’est mignon. C’est marrant ce fait de projeter sa propose condition sur l’adversaire pour se persuader du contraire 😆
#Womenarestupid"
54,2019-07-10 20:06:47+00:00,Lateralus_987,"@beatricepirate Loooool toujours les mêmes blagues, je n’oses pas imaginer votre musique. C’est assez symptomatique de la dégénérescence de l’humain, s’enfermer sur une seule et même ligne de pensée en pensant que, c’est bon les gens les feminazis ont arrêtés de lire, Résistance.
#Womenarestupid"
55,2019-07-09 19:40:13+00:00,Lateralus_987,"@rougegouine Mdr oui oui exactement comme toi enfaite.
Lesbos dégénérée 😉 (oh j’ai été lesbophobe ? Tant mieux c’est ton retour de bâton)
#Womenarestupid"
56,2019-07-07 17:06:12+00:00,Lateralus_987,"@dame_lor Non. C’est plutôt parce que (et je l’espère sincèrement) que la majorité des femmes ne sont pas aussi stupides.
""Si L sont pas avec nous c parske lé hom 😭""
Grandit.
#Womenarestupid"
57,2019-07-06 15:55:28+00:00,Lateralus_987,"@hellnoctopus Haaaa ouais j’avais pas vu que ça chialait comme ça ici !
😂 ""😭 jui invisible si on prends en compte tout le monde et pas que mon ptit cercle 😭😭 ouin ouin"" 
Et c’est bizarre hein tout ce qui ne met pas la femme au centre du monde est problématique 🤔
#Womenarestupid"
58,2019-07-06 15:46:17+00:00,Lateralus_987,"@Leonoraprad @10kijin @20Minutes C’est quand marrant hein, d’insulter comme ça sans raison, incapable de vous tenir et ça veut du respect ? De l’égalité ? Hahahaha toi apprends à te tenir déjà 
#Womenarestupid"
59,2019-07-06 15:42:38+00:00,Lateralus_987,"@Leonoraprad @McDaube @vi_twit @Bellatrix08Bzz @20Minutes Calmos le sexe faible 
#Womenarestupid"
60,2019-07-05 19:06:46+00:00,Lateralus_987,"@GloomySupernova Haaaa oui ! Exactement ce que ne font pas ces grands défenseurs du monde SJW/Feminazis👌
#Womenarestupid"
61,2019-07-05 13:51:46+00:00,Lateralus_987,@ChijireTakami Non. #Womenarestupid
62,2019-07-05 13:08:04+00:00,Lateralus_987,"@SniperDeDroite Ouh bien vu ça ! 
#Womenarestupid"
63,2019-05-10 15:05:22+00:00,ChrisProdigal,@DitaVonTeach Bel esprit réducteur et aucune solidarité féminine #Womenarestupid 🤔
64,2019-04-24 05:53:21+00:00,bijlanirajesh,Some women trending #MenAreTrash don't want me to tweet #WomenAreStupid because it's an unfair generalisation. 😏
65,2019-02-19 23:57:10+00:00,doublejeopardee,"@ImohUmoren From the photos, I postulate that she &amp; the guy were already intimate unbeknownst to her so-called best friend; the envy &amp; disdain are clearly written on her face.
Regrettably, I think it’s a real #menarescum + #womenarestupid event.
Two treacherous twerps who deserve each other."
66,2019-02-05 23:26:25+00:00,ThiggyMan,@Benny_The_Bull_ #WomenAreStupid
67,2019-01-29 18:25:17+00:00,AurelyMADE,"If some #MenAreTrash , some #Womenarestupid 😑 https://t.co/UDCre23e7B"
68,2018-11-01 21:31:46+00:00,waberlaber,@goldiegrace @sunny_mayhem Ich wäre mal auf deine Reaktion auf einen Hashtag wie #womenarestupid oder #womenaretrash gespannt...
69,2018-09-06 12:18:18+00:00,Ceeingee1,#cocopops #slogan #sexist #notsexist #stupid #women #womenarestupid https://t.co/l0vsBFxhgZ
70,2018-09-06 12:12:00+00:00,Ceeingee1,"Women are fucking stupid, if men are able to become pregnant in the future then we'll have a future without women and that's good because they find shit sexist all the time
#sexist #womenarestupid #women #stupid"
71,2018-08-28 06:02:58+00:00,DjSthenjwa1,#MenAreTrash #WomenAreStupid https://t.co/T2JaeDMKQh
72,2018-08-22 20:33:26+00:00,MissSilph,@_cliaa #womenarestupid
73,2018-08-16 15:34:52+00:00,Matthau63,@hanvoi ...geht mir ähnlich #womenarestupid berührt mich überhaupt nicht
74,2018-08-16 10:05:28+00:00,orangemorangee,@MiiMiiTV #WomenAreStupid because of #MenAreThrash ?? 🤗
75,2018-08-15 23:20:11+00:00,Matthau63,"@sixtus Seltsam bei mir waren es mehr die #womenarestupid , wäre mal der Grund für eine Umfrage..."
76,2018-08-15 13:35:34+00:00,Satan66officiel,#womenarestupid https://t.co/qs7Oi1c1ou
77,2018-08-15 13:34:14+00:00,tactikbastos,"#MenAreTrash

#womenarestupid"
78,2018-08-15 13:31:20+00:00,tactikbastos,@prune_godet #womenarestupid
79,2018-07-17 13:19:38+00:00,MSLMW,"🤦🏾‍♀️🤷🏾‍♀️🙅🏾‍♀️🏌🏾‍♀️🤾🏾‍♀️🗑😂😹🤣🤨😜
#BecauseTheyPetty #MenAintShit #PettyMen #WomenAreStupid https://t.co/xvZl68kI9T"
80,2018-04-11 14:42:07+00:00,Nelson81_,@JennyFromTheBux He literally cheated on his ex while she was pregnant with Khloe... so can I say #WomenAreStupid for thinking it wouldn’t happen again?
81,2017-05-26 17:22:46+00:00,ErumSKhan,Just takes a few jhootey compliments to fool the most sensible of women.. #womenarestupid
82,2017-02-03 00:24:06+00:00,ApexSalute,"@DBloom451 @POTUS ""little girl""... females are weak especially the young ones. All men should be offended if compared #WomenAreStupid"
83,2017-01-05 00:37:22+00:00,holcaulfield20,This bar that i went to is corny. Everyone in there are phonies even the bartender that wont serve me alcohol. #cokeisfine #womenarestupid
84,2017-01-03 20:46:53+00:00,AnimePicture88,"Fun Fact
Most people are too fucking dumb to live.

#beyonce #womenarestupid #entertainersarethegodsofthemodernworld #youreauselessfaggot https://t.co/L2BOnV5v5G"
85,2016-08-28 01:22:10+00:00,EmperorTikacuti,"#YoungWomen are #Stupid, honestly.
#WomenAreStupid
#TheyreCringers
#ImSmartTheyreUnsmart"
86,2016-07-21 03:00:28+00:00,MARI0_3,@DDeFlip8 #WomenAreStupid #ImSexist #AndIgnorant
87,2016-07-04 02:10:01+00:00,dalley_sanja,How can women vote for Hillary after she has taken money from the very people that abuse women?? @realDonaldTrump #womenarestupid
88,2016-05-29 06:19:13+00:00,Princess_JacobL,"I do not permit a woman to teach or to assume authority over a man, she must be quiet.
1 Timothy 2:12
#WomenAreStupid @realDonaldTrump"
89,2016-04-15 20:52:02+00:00,seenbournemouth,Find your bae easily  #womenarestupid #imcomingbabe #wildlife #peacock (Vine by @ChUNTris) https://t.co/a07jhGkblf
90,2016-01-26 12:54:31+00:00,StevenABarthell,😱😱😱😱5 years ago today 😁😁😁😁😁 #womenarestupid crazy https://t.co/9Ia9Rct0m8
91,2015-11-24 17:15:23+00:00,BrittanyVenti5,cuz #womenarestupid
92,2015-10-29 17:48:30+00:00,kenzi_raeeee,I agree with this plan wholeheartedly. #WomenAreStupid https://t.co/CDlJMo7YUz
93,2015-10-06 20:14:48+00:00,HenryThaVI,It's slow here in the office so let's go back in time with these oldies #showmeyourgenitals #womenarestupid  https://t.co/N05g8zyvLh
94,2015-09-28 16:36:32+00:00,SwiftNinjaFox,"Twitter summary:
#MenAreStupid
Nuh uh
Yeah huh
Nuh uh #WomenAreStupid
Are not
Are too
(Repeat &amp; reverse this order now &amp; then)"
95,2015-09-16 16:11:58+00:00,SallyBsaywhaat,@DaniMathers @heidiandfrank hubbies 1st listen to #PYMWYMI he was 😂😂 I showed him ur pic #womenarestupid #menareweak
96,2015-08-16 00:44:48+00:00,moron_tantara,Why would you deliberately wear shoes that give you blisters? #WomenAreStupid
97,2015-07-31 13:57:30+00:00,BroJTFM,@midgetbubz @Things4FratGuys rather be a bleeding heart liberal than a bleeding parts woman. 😱 #WomenAreStupid #IDontRespectThem
98,2015-07-28 04:18:29+00:00,titmouse973,the matriarchy is the reason its wifi and not husbandfi stay woke #misandry #mensrights #meninism #girlssuck #girlsarebad #womenarestupid
99,2015-07-13 00:15:28+00:00,Stecher_7400,I'm that dream guy that every girl wants and eventually gets friendzone...#womenarestupid
100,2015-05-06 21:07:43+00:00,shaaaaft,"@mateo_42ur gonna miss the cup poozi!! We taking the premier cup this time #yolomenfc #womenarestupid"
101,2015-04-07 18:49:55+00:00,SoozUK,@castleDD That's the spirit #itwillnevercatchonthough #womenarestupid
102,2015-03-24 19:04:09+00:00,maclenziee,@Mattwalls67 she probably doesn't even know how to ride that thing. #womenarestupid #menninist
103,2015-03-02 21:54:49+00:00,AmyRenee825,"I guess here's the honest truth, not everyone chooses to marry a wonderful, kind, loving and selfless man like I did. #womenarestupid"
104,2015-01-24 15:47:46+00:00,zoobee22,You keep texting you must be too good to call ya man #womenarestupid
105,2015-01-13 13:05:13+00:00,AmyP_x,So Ken Morley's getting grief for saying that women who get pictured naked for a living have nice bums? #womenarestupid
106,2015-01-01 23:55:52+00:00,YesImTheBadGuy,“@_lovelyleah: @YesImTheBadGuy I like your outlook on life lol” and I like your outlook on woman #WomenAreStupid 😂😂
107,2014-12-24 08:04:08+00:00,PareeshPhulkar,Russell Peters #womenarecrazy #womenarestupid #womenareconfusing https://t.co/X7qSNEs82c
108,2014-11-23 01:00:38+00:00,_Luxxxurious_,"""@IDisDummies: #WomenAreStupid 4 example Im right if I choke you during sex but wrong 4 choking you cause you burnt water"" 😂😂😂"
109,2014-11-08 04:23:45+00:00,Noworriezzzz,Where Pott at 😭😭 RT @MyAssholePops: #WomenAreStupid  “@HelloImJai: The longer he stays faithful his love for you dies a little.”
110,2014-11-08 04:21:59+00:00,YahWeh_Tweets,"✨ ""@MyAssholePops: #WomenAreStupid"""
111,2014-11-08 04:21:57+00:00,iGoSofaKingHard,RT “@MyAssholePops: #WomenAreStupid”
112,2014-11-08 04:20:36+00:00,_kwashington,Water still wet “@MyAssholePops: #WomenAreStupid”
113,2014-11-05 22:03:12+00:00,JacobMeyerr,@aashleygomez_ You're foolish. You think he gives a shit if you blocked him? #Smh #WomenAreStupid
114,2014-09-03 06:07:16+00:00,BigblueDillyn,It's all good until someone says we should've gone gay a long time ago. 😳😂. #womenarestupid  #lol
115,2014-08-21 02:36:47+00:00,DustindParis,If dis bitch don't get her ass out my trap house I'm gonna hit her ass #WomenAreStupid
116,2014-08-18 18:44:24+00:00,jbchickenhawk,“@WhatTheFFacts: Top 15 lies women tell themselves. http://t.co/u6IPSjeqBy http://t.co/RzpeQCFhAn” this list proves #womenarestupid
117,2014-07-26 01:55:04+00:00,tylerdgafmn,This chick says she's done arguing but won't stop blowing up my phone tryna argue with me... Smh #WomenAreStupid
118,2014-07-25 15:41:03+00:00,meeechellemarie,When someone you know is crazy and bitch about their relationship to you and yet don't do anything to fix it. #wtf #womenArestupid
119,2014-07-24 12:08:11+00:00,HashtagJohnB,I should run you over just for being a moron. #womenarestupid #getonthesidewalkhoe http://t.co/sxBAVWSamo
120,2014-07-21 21:52:21+00:00,joben420,"Oh you still have feelings for your ex? Why the hell are you talking to me then? 
#womenarestupid"
121,2014-06-30 20:26:15+00:00,TeeTweetsHere,#HobbyLobby covered all #contraception in their healthcare plans BEFORE the #Obamacare mandate.  Do you think #womenarestupid when we vote?
122,2014-06-26 14:08:49+00:00,JohnEllerbrock1,My life right now&lt;&lt;&lt;&lt;&lt;&lt;&lt;&lt; just sucks!!!! #NoPoint #WomenAreStupid
123,2014-06-03 19:54:27+00:00,haleycrider_,Yaaaaas ✌️👏.                Girls are stupid #womenarestupid .#vinecode  https://t.co/1yjXu71ZdC
124,2014-05-28 06:04:30+00:00,NuMlyk_J0RdAN,New product on the market j cash guccithadon #remake #tampons #soma #womenarestupid #rain #vinecode #TagsFo... https://t.co/PB0MV0JSRA
125,2014-05-24 17:58:34+00:00,MartinHeather93,"""If I was single you would have been my first gf..."" What the fuck?! Why do women do this to me?! #womenarestupid"
126,2014-05-15 18:46:14+00:00,jaandy11,Find your bae easily  #womenarestupid #imcomingbabe #wildlife #peacock https://t.co/gP5DkLLDji
127,2014-05-15 07:23:56+00:00,Popps_s,Find your bae easily  #womenarestupid #imcomingbabe #wildlife #peacock 😂😂😂😂 https://t.co/55QnVEnLBk
128,2014-05-14 23:50:08+00:00,NikksterYork,Jen Dent #womenarestupid 😂 @tannerXbranham https://t.co/2suAR8gGYt
129,2014-05-14 23:19:07+00:00,_allf4them,Go away #school #people #soma #womenarestupid #funny #true #REVINES #ihatepeople #ButYourUgly https://t.co/yLcZE3IjjI
130,2014-05-14 22:00:51+00:00,ThePresto334,If dragon ball z was in the ghetto #soma #rapbattlemarcus #DjNoHeadBand #womenarestupid #vinecode #ButYourU... https://t.co/wfGLptT1bn
131,2014-05-14 21:50:20+00:00,jrroocckk,when 14 year old girls talk to each other #womenarestupid 😒😞😏 https://t.co/kBkIl6tTR9
132,2014-05-14 21:48:24+00:00,DonnieDutches,"She wants to play doctor.. But nope because #womenarestupid Jen Dent, Staccs Hockaday©  https://t.co/V3oysGqpjy"
133,2014-05-14 21:47:59+00:00,DonnieDutches,Jen Dent #womenarestupid 😂  https://t.co/qGAAqPlp8A
134,2014-05-14 21:46:31+00:00,KatieBrilliant,Find your bae easily  #womenarestupid #imcomingbabe #wildlife #peacock  https://t.co/fiobDEhk8G
135,2014-05-14 21:16:25+00:00,OfficialCereon,Finna go swimming! #summerheat #CarolinaCrew _Hopeless_Romantic PrinceOfPuns #womenarestupid https://t.co/dbPCdtg00b
136,2014-05-14 21:08:30+00:00,ChipButler1,Find your bae easily  #womenarestupid #imcomingbabe #wildlife #peacock  https://t.co/ZwTyzCKdQk
137,2014-05-14 19:00:36+00:00,AnthonyCIV,It's not a woman's fault she's stupid! #womenarestupid #psa #funny #women #woman #comedy #yuck  #soma https://t.co/d3DLy3kTcd
138,2014-05-14 18:56:22+00:00,LamariusMinor,facetime issues #womenarestupid #womanarestupid https://t.co/iN0uYabXyg
139,2014-05-14 18:20:25+00:00,neyfa_com,#womenarestupid vine video by http://t.co/YfXhQn0lug http://t.co/ZLOqfCo1lx
140,2014-05-14 18:04:45+00:00,eboyer2000,Never Get Ahead #ahead #PunnyJoke #pun #puns #ButYourUgly #womenarestupid #headless #manaquin #punnyvine #L... https://t.co/Ef1yl2zItr
141,2014-05-14 17:50:15+00:00,TianaBullock24,#womenarestupid  https://t.co/byer0o9mbg
142,2014-05-14 17:06:14+00:00,diceman90fs,Staccs Hockaday© #womenarestupid https://t.co/Ly8FLik1zH
143,2014-05-14 17:05:14+00:00,TheCassieJaunty,#womanarestupid #womenarestupid #vagina https://t.co/iwam0gcfI9
144,2014-05-14 16:53:27+00:00,TheCassieJaunty,#womenarestupid #allwetalkabout https://t.co/Tuccb3GXbJ
145,2014-05-14 16:50:52+00:00,diceman90fs,"#womenarestupid Staccs Hockaday©, Jen Dent https://t.co/9mKmX2NYsd"
146,2014-05-14 16:46:39+00:00,diceman90fs,Jen Dent #womenarestupid https://t.co/hW76UUDX6a
147,2014-05-14 16:44:33+00:00,diceman90fs,Jen Dent #womenarestupid my cat is a whore https://t.co/cmvrlUKZnC
148,2014-05-14 16:39:26+00:00,diceman90fs,"Jen Dent #womenarestupid cookie, Staccs Hockaday© https://t.co/xox4MMO7P3"
149,2014-05-10 20:36:19+00:00,Mmerougetheonly,"I told you to spit in my face, it makes me feel special.

#girlythings
#womenarestupid"
150,2014-05-02 02:42:33+00:00,StartledRandy,"i think shelly needs a new dildo
she's kinda pissed off lately #womanprobs #womenarestupid #lol"
151,2014-04-22 02:14:08+00:00,JJ3x_,I fucked up i guess #WomenAreStupid
152,2014-04-11 12:48:52+00:00,nate_mob23,Sitting between these two girls is literally making my IQ lower #womenarestupid
153,2014-04-09 19:53:51+00:00,CharleenMa88,About to blow up!!!  &gt;:-$ #WomenareStupid
154,2014-04-09 01:12:04+00:00,kristin_jayne12,Girl. You don't need to bring everyone else down because you so insecure. #womenarestupid
155,2014-04-08 18:12:35+00:00,staceynewman,Men on my committee thanking male sponsor for #WomenAreStupid ultrasound bill. #moleg
156,2014-03-09 16:31:58+00:00,6TWhite,@Haley_Jashurek @alex_oberlander no we will come get you so you don't get lost #womenarestupid
157,2014-03-06 04:01:50+00:00,staceynewman,"MO House today.  MO Senate tonight. #MOVaginaBills #WomenAreStupid
http://t.co/JDlOuZzREB"
158,2014-03-03 05:56:48+00:00,Cdoud22,Or its just bcuz im the only male #womenarestupid
159,2014-02-24 00:53:36+00:00,DrePerrone,I don't see that happening #womenarestupid
160,2014-02-22 00:07:54+00:00,JCalarco16,What I've witnessed lately is a prime example of why I am staying single for a little while #womenarestupid #menarenottheproblem
161,2014-02-21 22:20:24+00:00,BigJase1974,#womenarestupid http://t.co/jpIx8JJ83V
162,2014-02-15 08:47:25+00:00,Dalharath02,My valentine tonight consists of a variety of assorted alcohols. #WOMENARESTUPID
163,2014-02-14 16:36:06+00:00,Zack_Mroue,All these females are arguing the fact that men are better drivers.😒 #WomenAreStupid
164,2014-02-10 03:33:54+00:00,Jake_Feldstein,@jEckel2387 #womenarestupid
165,2014-01-30 22:48:49+00:00,joshwasoutside,Why do you argue about everything.. #WomenAreStupid #StopBitching2014
166,2014-01-26 00:54:46+00:00,HelmsZane,@_madipaige just asked me how an elevator works... #womenarestupid #fact
167,2014-01-25 05:11:18+00:00,RoselleLillo,The fact that your insecurities have to affect me.  Pisses me off. Keep that shit to yourself. Or get some self esteem.  #womenarestupid
168,2014-01-23 19:06:45+00:00,TheSpicy_Pepper,"""Abs on a skinny guy don't count"" so you want a fat guy with abs?? #womenarestupid"
169,2014-01-23 00:06:17+00:00,LilCutesville,http://t.co/TtLCLXDYvc #womenarestupid #typical #feminist @veryBENeficial @iyamyake
170,2014-01-21 18:19:55+00:00,LehrAustyn,Adam and Eve gettin turnt up... #womenarestupid #herfault #fruitprobs #EvesApology4
171,2014-01-01 10:01:29+00:00,gingerrage1997,#womenarestupid
172,2013-12-27 09:14:11+00:00,beaubailey4269,When will you stop letting him fuck you over and realize I'll treat you better?  #womenarestupid
173,2013-12-10 21:48:47+00:00,readthistweet87,I completely agree with this. #WomenAreStupid http://t.co/UZ6Hras8IT
174,2013-12-06 21:01:24+00:00,_slingerland,"Why are hurricanes named after women?
Because they arrive wet and wild and leave with your house and car 😂
#BUUURRRNNNN #womenarestupid"
175,2013-12-06 19:47:47+00:00,JFrance2566,#sexism #womenarestupid #niagarafalls https://t.co/Hka0tvScls
176,2013-12-05 22:42:30+00:00,TheMrsLevy,#Rodeo #womenarestupid https://t.co/z4ccDyaalF
177,2013-11-24 20:09:04+00:00,johnnysaccone,Show me your genitals #jonlajoie #womenarestupid @swazay http://t.co/9hZGt6IdJU
178,2013-11-14 01:12:27+00:00,kwaniey,"True ""@Raichiekin: #WomenAreStupid .-. RT“@ItsHimMichael: She curving you for the nigga that pays her no attention.”"""
179,2013-11-14 00:42:48+00:00,Raichiekin,#WomenAreStupid .-. RT“@ItsHimMichael: She curving you for the nigga that pays her no attention.”
180,2013-11-12 20:06:08+00:00,brooks5_2,@3rdTimeTheCharm @JessicaaaLees http://t.co/V8XhqDkOVI #WomenAreStupid
181,2013-11-04 00:51:20+00:00,showout_D,@lexxi_grace @Yo_its_Tif  #womenarestupid
182,2013-10-27 20:48:06+00:00,amandajo0517,"Watching this lady struggle tryin to get her hood open, she doesn't understand there is a latch for it.... #womenarestupid"
183,2013-10-22 06:25:04+00:00,MitchGarner8,@BeckyLMatthews because it costs more than 11.50 to go out? #dickhead #womenarestupid
184,2013-10-17 06:11:44+00:00,justingoldchain,@Simplemachines_ @macknsweetjones @2ndcaptainfly Oh you remember. That's where the #WomenAreStupid hashtag was born.
185,2013-09-26 03:31:43+00:00,0scarMYERweiner,S/o to me for dating one girl and learning from my mistakes. I've been single for over 4 years #gome #womenarestupid
186,2013-09-17 15:46:51+00:00,DrL0ve143,"#SHOUTOUT to the #guys that can move in with their #girlfriend,than #breakup,than #kick #her out, than #date her again. #wtf #womenarestupid"
187,2013-09-03 16:43:39+00:00,ellisssss93,@RobMeehan117 feminists piss me off. #chilloutwench #womenarestupid
188,2013-09-01 19:24:33+00:00,Katomonkey,That's not even Spanish he could be saying anything #womenarestupid #XFactor
189,2013-08-31 04:59:30+00:00,allisonrware,"Go ahead, make yourself look stupid. I'll be swimming at 6a whole you stumble &amp; beg for Advil. #drunksneverwin #womenarestupid #halfthestory"
190,2013-08-26 20:21:18+00:00,EllisHallwood11,@demicross_ The mother turned the oven off tho! #womenarestupid
191,2013-08-21 23:13:43+00:00,GKnapke,Constantly understanding why nice guys truly finish last!! Being an asshole is fun too!! #womenarestupid
192,2013-08-16 01:18:29+00:00,Thorswomen,@ThorLund724 greatest president ever! #respect #womenarestupid #womenjokes #thorlund #utsg #makemeababy #illvomitonyou #showmeyourtoes
193,2013-07-29 03:35:05+00:00,bigteddybear93,Deb just tried to kill #Dexter ... does she forget he has a kid that loves him very much? #womenarestupid
194,2013-07-24 00:47:22+00:00,driftderek,I offer you and your son refuge during a storm and somehow you still find a way to be a bitch… #WomenAreStupid
195,2013-07-21 21:41:25+00:00,FakeFerrari,"And this is from a woman ...... #Men RT @FakeChloeR: @FakeFerrari Oh that's stupid. #WomenAreStupid There, i said it!"
196,2013-07-18 23:25:22+00:00,GarOBrien90,The difference in men and women's way of thinking is actually scary... You could be way WAY off the same line! haha #WomenAreStupid/Crazy
197,2013-07-02 21:55:14+00:00,AndreMMValente,@rach_nogueira #Womenarestupid xD
198,2013-06-27 05:31:31+00:00,Boss_Man_Jamar,"""@Ohh_itsGeorge: See this is where the fuckery begins #WomenAreStupid""lmaoo hahahaha I'm done."
199,2013-06-25 01:40:00+00:00,_MichaelMason_,How am I supposed to watch the Stanley Cup if the bachelorette is on too!!!! Gawddd! #womenarestupid
